analysis	cohort	sample	signal	width	jsd	tv	hellinger	oops_ap	zoops_ap	oops_conf	zoops_conf	zoops_fraction	oops_resampling	zoops_resampling
ctcf_initial	calu3-development	1	0.0	19	0.4453230481303887			0.07048673543355653	0.0734237519226507	5.253359792244546	6.506137617957763	0.169	0.003983443231538129	0.4154288990911667
ctcf_initial	calu3-development	1	10.0	19	0.37970322476175217			0.07087549861352548	0.07349346438862098	4.526732119708192	6.384297742623981	0.153	0.10597305029820074	0.4144196190677751
ctcf_initial	calu3-development	1	25.0	19	0.3741006505392226			0.071487536694866	0.07370237013815707	0.9849883564126856	6.212094396709392	0.133	0.009192715068482986	0.012309936017121074
ctcf_initial	calu3-development	1	50.0	19	0.3233684973171072			0.07308005309802829	0.07382178043983963	0.0	5.751549196891575	0.202	0.11101179361147469	0.13073560223451589
ctcf_initial	calu3-development	1	75.0	19	0.010651465080804598			0.6701289254177	0.706216688823809	6.377721396556377	6.712905904533554	0.643	0.0034491947998104085	0.003475107444439667
ctcf_initial	calu3-development	1	100.0	19	0.10369798912896037			0.7005936083153126	0.7125598694584888	7.024652913724925	7.131153804797686	0.809	0.10186225511625935	0.0013323285063980904
ctcf_initial	calu3-development	2	0.0	19	0.3446293937644181			0.07061526626483583	0.07426704448483161	5.401757499528886	6.511966318079786	0.152	0.007601483739085304	0.10984072708842114
ctcf_initial	calu3-development	2	10.0	19	0.3519220926790402			0.07078499589902822	0.07475376511586619	4.969843610265255	6.452113555832654	0.142	0.1123639826107464	0.11142113942785495
ctcf_initial	calu3-development	2	25.0	19	0.34382213366877046			0.07083172322305577	0.07494600368206328	4.408682573668036	6.288914946665315	0.123	0.01078983462717973	0.11111964774934632
ctcf_initial	calu3-development	2	50.0	19	0.3474460560458627			0.07155707840490033	0.07530259942631662	0.0	5.966040598400816	0.096	0.1128105435124234	0.012562674744850072
ctcf_initial	calu3-development	2	75.0	19	0.013752301113975412			0.6585214949096216	0.7040731622798659	6.147736355719843	6.623172268994521	0.579	0.10224809717790348	0.0029013984165780944
ctcf_initial	calu3-development	2	100.0	19	0.005267784931212233			0.6951161746864107	0.7103334111105727	6.971594323124534	7.080466536716171	0.791	0.0015024537002192718	0.0022289508599179315
ctcf_initial	calu3-development	3	0.0	19	0.4171796563070604			0.07095412384660464	0.07302043667369743	5.528976829098055	6.5867056035108265	0.189	0.1074883524106179	0.4436649567305738
ctcf_initial	calu3-development	3	10.0	19	0.4420489407811627			0.07130182994661664	0.07535790210550992	5.039604507632323	6.459584966754223	0.159	0.10632630972177363	0.4369597662932231
ctcf_initial	calu3-development	3	25.0	19	0.29005085518405205			0.07180241918197473	0.07232043063987315	4.453426159974374	6.312418333590505	0.145	0.10797252586628843	0.5109911262711894
ctcf_initial	calu3-development	3	50.0	19	0.28412988933767064			0.07305821713814152	0.07291827322134849	0.0	5.86330742048965	0.116	0.11228780195517352	0.5237308547379799
ctcf_initial	calu3-development	3	75.0	19	0.012733151097188214			0.6726020163081956	0.7077469181482234	6.229054690343476	6.664959631843132	0.619	0.003196263464768929	0.004932269313167886
ctcf_initial	calu3-development	3	100.0	19	0.1047640769239451			0.704860871407587	0.7132957546308775	6.943627004710163	7.0871295978364	0.795	0.002558345707279847	0.002713539455701482
ctcf_initial	calu3-development	4	0.0	19	0.08998821916670152			0.07033558695543352	0.07005737789206473	5.559218209807204	6.519673030721569	0.189	0.007888076856104482	0.42940216664514896
ctcf_initial	calu3-development	4	10.0	19	0.09833091418851488			0.07056683486466009	0.07014351681392146	5.180348405767442	6.403978296978327	0.169	0.10743886971229048	0.4329171222298884
ctcf_initial	calu3-development	4	25.0	19	0.10861757775986025			0.0711574318331414	0.06996833015749758	4.293493856616933	6.275693508217994	0.147	0.10826867311039405	0.4423797891853652
ctcf_initial	calu3-development	4	50.0	19	0.3154235839206082			0.07184667561809996	0.07449858426558224	0.0	5.758346126603147	0.202	0.11648595937190902	0.4755236654185953
ctcf_initial	calu3-development	4	75.0	19	0.014296523123286836			0.6653107141854663	0.7076392087271067	6.336941656371554	6.7324665380601205	0.59	0.193061833006722	0.0030938543546681686
ctcf_initial	calu3-development	4	100.0	19	0.004186839083972772			0.7021000095779981	0.7104518659453075	7.081374126811668	7.172146927044091	0.813	0.0023102598737451607	0.002576207568074232
ctcf_initial	calu3-development	5	0.0	19	0.3790302814923676			0.07080126419367487	0.07328610842376818	5.735913629047805	6.600792224912571	0.173	0.1125949108045055	0.5659855353466997
ctcf_initial	calu3-development	5	10.0	19	0.3842753120186227			0.07087213535613819	0.07335732763130853	5.511134981512934	6.513390195126795	0.157	0.008224678222424576	0.006985687033634464
ctcf_initial	calu3-development	5	25.0	19	0.46679474732229165			0.07117704458275352	0.07309342178572753	4.913367205601067	6.380439582641142	0.135	0.10909855711659792	0.5747298563198051
ctcf_initial	calu3-development	5	50.0	19	0.4629745032611595			0.07188262505385941	0.07321818010204965	0.0	5.980769375854676	0.099	0.11469414146981201	0.5657690530941597
ctcf_initial	calu3-development	5	75.0	19	0.11188266551206849			0.679847971963943	0.7094231059320784	6.354063748226647	6.740346616512434	0.611	0.10360949159161163	0.0032812081730072724
ctcf_initial	calu3-development	5	100.0	19	0.10387604865090032			0.70370287754777	0.7133794164134021	7.041821484516325	7.131440907909939	0.807	0.10254251976735296	0.0024386668281018656
ctcf_initial	calu3-development	6	0.0	19	0.38612326585832646			0.07049254404698718	0.07548291106761837	4.280959720524651	6.348145138013653	0.134	0.007082761428860177	0.4305511966265647
ctcf_initial	calu3-development	6	10.0	19	0.3831476371034175			0.07103375053861402	0.07561963794539527	0.0	6.236697307706469	0.123	0.10841659110594423	0.49142444103125094
ctcf_initial	calu3-development	6	25.0	19	0.3390576827784713			0.071449218354961	0.07567352479123658	0.0	6.021369569756792	0.103	0.10867846058695015	0.44509869094547566
ctcf_initial	calu3-development	6	50.0	19	0.3872491791248252			0.07332603418759873	0.07510626346578118	0.0	5.749392985908253	0.086	0.012020077866433125	0.11463683169123953
ctcf_initial	calu3-development	6	75.0	19	0.1796170462027427			0.6689274692637225	0.7068783570664771	6.269017885396152	6.705947262760619	0.666	0.15117944320804863	0.0038557214075862914
ctcf_initial	calu3-development	6	100.0	19	0.17946758843010766			0.6953883506437748	0.7151823676645945	6.97026859919602	7.123787740324306	0.828	0.16256986400230602	0.0021253334501604563
ctcf_initial	calu3-development	7	0.0	19	0.3871831709670524			0.0701797500573398	0.0745519228375708	4.750633905936056	6.3644476278508995	0.134	0.007572360998510721	0.005395525874876329
ctcf_initial	calu3-development	7	10.0	19	0.48944910387015905			0.07077092232601453	0.07332666969901575	3.5757456489898773	6.246233698411199	0.123	0.10664014704867283	0.5671636330015286
ctcf_initial	calu3-development	7	25.0	19	0.48364142355620837			0.07127168828254081	0.07294308657616931	0.0	6.092286324379032	0.108	0.10755877567449974	0.5701181892499958
ctcf_initial	calu3-development	7	50.0	19	0.3959515087889921			0.07186435455070038	0.07345974167055432	0.0	5.720924987385925	0.078	0.11348896659335468	0.10913026207260686
ctcf_initial	calu3-development	7	75.0	19	0.11320858081715164			0.6851688974224998	0.7089624735781056	6.164152221741847	6.592728800849983	0.583	0.005652760215063325	0.002802835159269682
ctcf_initial	calu3-development	7	100.0	19	0.10443815386287274			0.7080416127940024	0.7122210609794802	6.951288650416423	7.070221802190754	0.813	0.002304814162167998	0.002568623272355455
ctcf_initial	calu3-development	8	0.0	19	0.39588410900306165			0.07026564479951218	0.07239607214659602	5.626886599459166	6.610696044717759	0.172	0.18546642608034453	0.5805790477871413
ctcf_initial	calu3-development	8	10.0	19	0.388265740507831			0.07095726840104626	0.07397916322997643	5.148358880151549	6.52496896291482	0.161	0.11161435544024252	0.550922757021851
ctcf_initial	calu3-development	8	25.0	19	0.3864178224279057			0.07134231863451895	0.07429248911892017	3.807678806269274	6.260580732785004	0.128	0.11503349121720682	0.554625242735006
ctcf_initial	calu3-development	8	50.0	19	0.4497073891663603			0.07404307947895647	0.07476402957081402	0.0	5.908376116376341	0.095	0.01688733449228391	0.42899065001803816
ctcf_initial	calu3-development	8	75.0	19	0.015386771974114852			0.6487298424453938	0.7066681380955631	6.2666714643866905	6.658783609999499	0.565	0.002925881113305403	0.00286467459816553
ctcf_initial	calu3-development	8	100.0	19	0.19569428081580365			0.693398589325018	0.708722974636795	6.96197945820665	7.08339520827296	0.77	0.19176563573457073	0.003079325777412689
ctcf_initial	calu3-development	9	0.0	19	0.3835246250646987			0.07052030272749243	0.07361548728526435	5.411292501657964	6.452410321294651	0.151	0.007607207685633721	0.5516998672053715
ctcf_initial	calu3-development	9	10.0	19	0.3779319528016045			0.0709225102111388	0.07359905544084652	5.110757393281136	6.395298786730641	0.143	0.008796614630601786	0.5551981796805832
ctcf_initial	calu3-development	9	25.0	19	0.38604948882756807			0.07108707189037186	0.07339815821324876	4.7703337774586085	6.27537934881437	0.13	0.19526661388603558	0.5588317665828617
ctcf_initial	calu3-development	9	50.0	19	0.392471401573633			0.07137452755500098	0.0752219642473974	0.0	5.874025210613835	0.099	0.0221897610068732	0.5187009801251318
ctcf_initial	calu3-development	9	75.0	19	0.1993490743543959			0.6654921497447983	0.6906228310411808	6.371026337938805	6.710212132352414	0.66	0.10252069211664712	0.10247729246067164
ctcf_initial	calu3-development	9	100.0	19	0.003635947518083949			0.6922144291564765	0.7036027579194167	7.09188144905436	7.165726083241681	0.845	0.10180642211526858	0.10154075169702256
ctcf_initial	calu3-development	10	0.0	19	0.38739741388569804			0.07055004076696658	0.0754117876961347	5.50800104814514	6.507780932268523	0.159	0.009216232366782562	0.50340991090647
ctcf_initial	calu3-development	10	10.0	19	0.4592069323529244			0.07088481865200892	0.07413085062755342	4.896524821872533	6.3833728738335855	0.145	0.007357315485500536	0.49416686161373097
ctcf_initial	calu3-development	10	25.0	19	0.4486336827156226			0.0711194736973878	0.0740335053185412	3.6888794541139363	6.1950743553432215	0.126	0.008941636986605148	0.5422399143083332
ctcf_initial	calu3-development	10	50.0	19	0.2057904081843148			0.0719429947940041	0.07167996300109075	0.0	5.849684769138963	0.113	0.01353976836531341	0.4358151271275629
ctcf_initial	calu3-development	10	75.0	19	0.10804034967372504			0.6596382696747944	0.6946246771823115	6.354014986498848	6.7004476143590015	0.672	0.10328707018721528	0.0028649103003778034
ctcf_initial	calu3-development	10	100.0	19	0.19347566940481872			0.6926491699718057	0.7050086187147154	7.024792392871827	7.089775350470616	0.828	0.10175939506122833	0.10146902007159482
ctcf_initial	a549-encsr035oxa	1	0.0	19	0.4567919983813842			0.07213406678279889	0.0750830185098405	4.702697226234404	6.403691047190929	0.15	0.0058300834508161975	0.4774066403292924
ctcf_initial	a549-encsr035oxa	1	10.0	19	0.2934386642367408			0.07231114607804742	0.07167965737743837	4.088959768630108	6.340101549108572	0.141	0.00762445160394107	0.5497737060334
ctcf_initial	a549-encsr035oxa	1	25.0	19	0.3728255211772482			0.07385893016791574	0.07190399257260577	0.0	6.130782651909085	0.119	0.18683450566853604	0.5757275912933186
ctcf_initial	a549-encsr035oxa	1	50.0	19	0.30322628784956973			0.07553997199773398	0.07442676126620425	0.0	5.386084567142891	0.08	0.11477600749524572	0.4935945979209778
ctcf_initial	a549-encsr035oxa	1	75.0	19	0.01293447175699944			0.7000185214025868	0.7290868229583548	6.295586845161763	6.6964450355290275	0.611	0.19245636810978434	0.10317459632041286
ctcf_initial	a549-encsr035oxa	1	100.0	19	0.10493724197360517			0.723824679257033	0.7376671412607415	7.043488901787627	7.132711271823599	0.818	0.1017209445400676	0.0023028961778828196
ctcf_initial	a549-encsr035oxa	2	0.0	19	0.4576919340888653			0.07355337437546242	0.0760287690356561	4.921066042359976	6.498574004512152	0.164	0.00798504403558437	0.008935532803260237
ctcf_initial	a549-encsr035oxa	2	10.0	19	0.4564028347278369			0.07389517393969017	0.07582481082153136	4.160924253133749	6.387646587152316	0.149	0.10732137812232061	0.010221157637923738
ctcf_initial	a549-encsr035oxa	2	25.0	19	0.45608002091295036			0.07412271037846684	0.0763114941273008	0.0	6.1371755575365015	0.12	0.10922374772468868	0.011956364907698679
ctcf_initial	a549-encsr035oxa	2	50.0	19	0.30376702620227675			0.07631370788484525	0.07108249473824786	0.0	5.680312389717184	0.195	0.01657041927339286	0.4791928572686269
ctcf_initial	a549-encsr035oxa	2	75.0	19	0.013461271664339362			0.7025207001150031	0.7393161782382667	6.391450080394973	6.756257994922001	0.582	0.002975936711433276	0.0043628801751564375
ctcf_initial	a549-encsr035oxa	2	100.0	19	0.10314670985102792			0.724825488520898	0.7387898200396641	7.099081069025576	7.212263942455401	0.858	0.19223895441100916	0.0022624531084218746
ctcf_initial	a549-encsr035oxa	3	0.0	19	0.32043064236487595			0.07275010413256021	0.07484418252285908	4.824730059341545	6.330019419050967	0.139	0.10576027881107479	0.006466170044536112
ctcf_initial	a549-encsr035oxa	3	10.0	19	0.3158696999566118			0.07288750872770307	0.07502692938553934	4.407160761644073	6.249975242259483	0.132	0.10746177229236287	0.10744652568514321
ctcf_initial	a549-encsr035oxa	3	25.0	19	0.3578626418528738			0.07389502231958478	0.07461038508229119	0.0	6.066826634487431	0.128	0.011715974007507512	0.5143134545040603
ctcf_initial	a549-encsr035oxa	3	50.0	19	0.3970407607031758			0.07579855920438314	0.07470697996006873	0.0	5.703402591335312	0.085	0.01889356726871611	0.11212037768524534
ctcf_initial	a549-encsr035oxa	3	75.0	19	0.011638298554522041			0.6973959801313785	0.731127263964602	6.370771559769837	6.7700078786308975	0.637	0.10349945753569481	0.0048616287095232654
ctcf_initial	a549-encsr035oxa	3	100.0	19	0.0023369374539002562			0.7329814936493483	0.7407528295403161	7.141834598215115	7.209169791688956	0.856	0.0022097335675219133	0.0023737133167238676
ctcf_initial	a549-encsr035oxa	4	0.0	19	0.3915259244373801			0.07271086108674811	0.07597064453337712	5.569247042939508	6.645334225538547	0.183	0.10608291903297029	0.4192321056507006
ctcf_initial	a549-encsr035oxa	4	10.0	19	0.4704935303997812			0.0739909990286093	0.07590577325161715	5.134762069271025	6.564811037030779	0.171	0.10619376767370563	0.008033427018538725
ctcf_initial	a549-encsr035oxa	4	25.0	19	0.37918573182828846			0.07355110555492873	0.0759870735726762	4.730626211439776	6.434263828338197	0.157	0.10678354461404771	0.4221552373935489
ctcf_initial	a549-encsr035oxa	4	50.0	19	0.39124476904903405			0.0762269545323194	0.07512584551778433	0.0	6.172921202173973	0.12	0.11319652622103844	0.4272287627208397
ctcf_initial	a549-encsr035oxa	4	75.0	19	0.10854049510374844			0.6868491612917764	0.728516667046015	6.443047615341729	6.749339508263954	0.665	0.19415963045714374	0.0029353025418549267
ctcf_initial	a549-encsr035oxa	4	100.0	19	0.1927086731406045			0.7216968249589442	0.7159073507901093	7.0992954710142335	7.150181512380375	0.858	0.1923710699599067	0.2540988955456614
ctcf_initial	a549-encsr035oxa	5	0.0	19	0.4575904699411865			0.07193749372790986	0.0756815220069093	5.349889498653876	6.510088767586492	0.157	0.01144582253053938	0.009383556886258027
ctcf_initial	a549-encsr035oxa	5	10.0	19	0.3887809951226697			0.07268178746162163	0.0755100256829195	4.835121487610404	6.428194957399231	0.149	0.11034188404034236	0.009578700374474286
ctcf_initial	a549-encsr035oxa	5	25.0	19	0.40235777867204825			0.07328851513160964	0.07549410224281701	1.706317461255453	6.261412687526912	0.129	0.10863445003288943	0.009941297758719275
ctcf_initial	a549-encsr035oxa	5	50.0	19	0.464339479352664			0.07529530812091186	0.07627611738343526	0.0	5.74573621879202	0.083	0.014726000522838477	0.013279199982193565
ctcf_initial	a549-encsr035oxa	5	75.0	19	0.013194972580699729			0.7021466517468606	0.7310897680900571	6.406499634996866	6.7706218318436475	0.631	0.10385328553118942	0.002586629408236358
ctcf_initial	a549-encsr035oxa	5	100.0	19	0.0034987801231440518			0.7297452184011423	0.7440180621204306	7.077374731167296	7.180968522997579	0.832	0.10245548038639456	0.0023743008260314487
ctcf_initial	a549-encsr035oxa	6	0.0	19	0.4459092497863866			0.072469879590234	0.07562806189298804	5.25906200877209	6.528123853086703	0.164	0.10859903122944989	0.43645556016465487
ctcf_initial	a549-encsr035oxa	6	10.0	19	0.2002189516666771			0.07302624598044076	0.07341229379649115	4.595781263158384	6.408870756158554	0.157	0.10796745285170398	0.4205518120166999
ctcf_initial	a549-encsr035oxa	6	25.0	19	0.4504257013336031			0.07359741870805167	0.0756326729742011	3.5135921856758623	6.248199384325165	0.127	0.10834833628668787	0.010744921465146688
ctcf_initial	a549-encsr035oxa	6	50.0	19	0.4662527197388613			0.07511804849611974	0.07465707813867899	0.0	5.787902710645448	0.085	0.01240663049226452	0.01752737512266954
ctcf_initial	a549-encsr035oxa	6	75.0	19	0.1106888406001022			0.6842291068029821	0.7292442187879936	6.318108066075008	6.733760196680969	0.655	0.19456632081611389	0.25707669332589156
ctcf_initial	a549-encsr035oxa	6	100.0	19	0.004171398259562227			0.7261923876289722	0.7351681090961508	7.079791831311822	7.1744065155871155	0.834	0.19240221796661997	0.0029132471623197743
ctcf_initial	a549-encsr035oxa	7	0.0	19	0.4451268721982749			0.07275917037011449	0.07568037033776823	3.4162807848923094	6.384297742623981	0.149	0.10788958889812694	0.013699699285930976
ctcf_initial	a549-encsr035oxa	7	10.0	19	0.30647185901159374			0.07306602014124	0.07334525773142729	0.0	6.245885920646931	0.136	0.10939748602955561	0.5673004545612104
ctcf_initial	a549-encsr035oxa	7	25.0	19	0.39163749645643453			0.07383484612632733	0.07294394784374067	0.0	6.084166491978176	0.111	0.0059668797037780805	0.5623114646606526
ctcf_initial	a549-encsr035oxa	7	50.0	19	0.4426512671035285			0.619649573116312	0.07469918831212101	3.1233004514612364	5.716110328113272	0.082	0.12027552617629092	0.45674893321873766
ctcf_initial	a549-encsr035oxa	7	75.0	19	0.012731774274687677			0.6959194209611789	0.7226532965329601	6.303982016153995	6.718917520288253	0.636	0.18250585449103052	0.004743309878314143
ctcf_initial	a549-encsr035oxa	7	100.0	19	0.10345694787793036			0.7293174304623349	0.7296457082289667	7.048957555160268	7.160845906664299	0.845	0.10208911899007782	0.0026730534286546074
ctcf_initial	a549-encsr035oxa	8	0.0	19	0.323934058775357			0.0722311806384658	0.07530493356535065	5.221981691806162	6.423764295218146	0.145	0.19585395968501848	0.5507526372262321
ctcf_initial	a549-encsr035oxa	8	10.0	19	0.31724597003150484			0.07303604785399924	0.0754579849403941	4.710452054731716	6.347660454757125	0.138	0.19528743842929305	0.5463553449024369
ctcf_initial	a549-encsr035oxa	8	25.0	19	0.31664331387977995			0.07363030632002623	0.07567213594779666	0.0	6.199855371527265	0.121	0.196445362161585	0.5540946393212394
ctcf_initial	a549-encsr035oxa	8	50.0	19	0.38550103991883355			0.07576645287076883	0.07683374502419106	0.0	5.760799215470737	0.083	0.10803341326104605	0.5475258825733709
ctcf_initial	a549-encsr035oxa	8	75.0	19	0.2204296556365517			0.6739444570778726	0.7346653321798325	6.438019599574307	6.7570776562964925	0.646	0.2535047542673842	0.0032427955604749175
ctcf_initial	a549-encsr035oxa	8	100.0	19	0.0016903546186012714			0.7323418015582309	0.738878194887419	7.125995674769456	7.191432616782034	0.867	0.10214448509898048	0.0035123373632065537
ctcf_initial	a549-encsr035oxa	9	0.0	19	0.40148820821602793			0.07262997066993367	0.07618073863818818	5.16577933864365	6.319646713552886	0.127	0.01076776979360188	0.01062185809313442
ctcf_initial	a549-encsr035oxa	9	10.0	19	0.4077428352311423			0.07308428499136099	0.07647760045376732	4.688582318501185	6.2207304804829855	0.117	0.11216761009552172	0.01307291366591327
ctcf_initial	a549-encsr035oxa	9	25.0	19	0.4129383666327882			0.07333329445832028	0.07607464580706728	3.6285341908139377	6.080794953445436	0.105	0.11401613445366374	0.013289293182479426
ctcf_initial	a549-encsr035oxa	9	50.0	19	0.16772905480959416			0.07563133166138818	0.07776675639919856	0.0	5.679673754112452	0.21	0.10994484273735924	0.42282592559142407
ctcf_initial	a549-encsr035oxa	9	75.0	19	0.009572210943784786			0.6609667596847041	0.6823640397787062	6.374118994160285	6.673958784456412	0.673	0.17230646683511694	0.24335902175736446
ctcf_initial	a549-encsr035oxa	9	100.0	19	0.2294908201935557			0.6918549673463893	0.7256555443390875	7.012525959481487	7.1180162044653335	0.855	0.2093758960020935	0.0030443860788440173
ctcf_initial	a549-encsr035oxa	10	0.0	19	0.33578184603210903			0.07268009006704107	0.07575705056790545	5.032238418024473	6.483363421248491	0.157	0.11009833415659251	0.5568482246455856
ctcf_initial	a549-encsr035oxa	10	10.0	19	0.3908158097979572			0.07295557754333247	0.07564602698536309	4.739152345974526	6.3940940219316325	0.144	0.1106900445779569	0.560751544188717
ctcf_initial	a549-encsr035oxa	10	25.0	19	0.4617348658254388			0.07481165362347476	0.07573989573114531	3.4136775365299017	6.2503493422097645	0.128	0.1937557046169535	0.5537704779576353
ctcf_initial	a549-encsr035oxa	10	50.0	19	0.160235180524512			0.07564213133691813	0.07986093123952426	0.0	5.5861205691795215	0.278	0.01818883488232571	0.515537553237469
ctcf_initial	a549-encsr035oxa	10	75.0	19	0.011537939847946557			0.695840158395142	0.7342215621950197	6.4134880202974145	6.750862703612769	0.618	0.00281372087776893	0.0031804906294185488
ctcf_initial	a549-encsr035oxa	10	100.0	19	0.0026425537380510046			0.7234219986025022	0.7350336701845018	7.0955493563921435	7.165544093214622	0.832	0.0019996168546887066	0.002379555754144617
ctcf_initial	mcf7-encsr000ahd	1	0.0	19	0.32974565221619473			0.07027346135616362	0.07415308437351184	5.0480675268140445	6.404148184640183	0.143	0.00776520593986587	0.5534363835717586
ctcf_initial	mcf7-encsr000ahd	1	10.0	19	0.38441434960967547			0.07148995123775755	0.0737348009283972	4.110195065232278	6.262099817619781	0.127	0.1077292790755483	0.549579665892308
ctcf_initial	mcf7-encsr000ahd	1	25.0	19	0.3785014227272586			0.07293749933696443	0.07250392641733559	0.0	6.032090586395134	0.108	0.10623682202522367	0.009960554624992547
ctcf_initial	mcf7-encsr000ahd	1	50.0	19	0.01224488204273414			0.5027752481927519	0.6403729615049744	4.844291240607066	5.607950589844922	0.395	0.23498647258475644	0.4413856383662584
ctcf_initial	mcf7-encsr000ahd	1	75.0	19	0.21188724430413003			0.6869770434024935	0.7492929982533938	6.535573796255639	6.764456165712355	0.679	0.18627756010922675	0.004461964919805891
ctcf_initial	mcf7-encsr000ahd	1	100.0	19	0.2235259149360953			0.7381369413000611	0.7566514402031623	7.19440577502802	7.2252956676721745	0.981	0.22499935119247605	0.0032929493126567125
ctcf_initial	mcf7-encsr000ahd	2	0.0	19	0.28638658368327974			0.07241364093722182	0.07325247711214601	5.214316308440465	6.5333835907141165	0.17	0.10596765990369857	0.4991710663632612
ctcf_initial	mcf7-encsr000ahd	2	10.0	19	0.2910775071536987			0.07245574837646028	0.07276992548406877	4.696551167829312	6.403725701327002	0.15	0.10700228679566859	0.5074597679578465
ctcf_initial	mcf7-encsr000ahd	2	25.0	19	0.37255725474736623			0.0721177807528511	0.07302190475128051	3.8501476017100584	6.179487999436234	0.128	0.007572119073858409	0.5056373552794406
ctcf_initial	mcf7-encsr000ahd	2	50.0	19	0.3626063492992372			0.0748374920548232	0.07326827401047492	0.0	5.8176480874122705	0.09	0.008582059518759677	0.5576712871038468
ctcf_initial	mcf7-encsr000ahd	2	75.0	19	0.1699741615624552			0.7182208920097503	0.7554952827508236	6.46878349467971	6.719942132266902	0.707	0.2261267592338253	0.0037621609735180553
ctcf_initial	mcf7-encsr000ahd	2	100.0	19	0.19135412133159452			0.7662263937444376	0.7624031877780435	7.189209637412623	7.205907248930854	0.981	0.10179226408502325	0.10259313085727122
ctcf_initial	mcf7-encsr000ahd	3	0.0	19	0.10016282030537592			0.0699364879109187	0.0706670967201403	5.66135364125772	6.566561057573388	0.18	0.10909834015172097	0.10739475583794253
ctcf_initial	mcf7-encsr000ahd	3	10.0	19	0.1907883574737835			0.07073567189744837	0.07072918230690133	5.423721273453049	6.4434713039270894	0.163	0.00914518391838332	0.10801412317340589
ctcf_initial	mcf7-encsr000ahd	3	25.0	19	0.2034582895788919			0.07143781039149513	0.07161346441850178	4.712011122455664	6.272032956036976	0.136	0.011169863268106622	0.10847999199834009
ctcf_initial	mcf7-encsr000ahd	3	50.0	19	0.21727179855138515			0.07272776631285041	0.07222992103179725	0.0	5.8111409929767	0.099	0.014150915366196618	0.5003571336303293
ctcf_initial	mcf7-encsr000ahd	3	75.0	19	0.005838872005320986			0.7012842116693272	0.7471526340922268	6.479248978755319	6.722896725230718	0.745	0.0036905040734166203	0.004610336004000066
ctcf_initial	mcf7-encsr000ahd	3	100.0	19	0.0005152764813507252			0.7610552911706608	0.7638903411509037	7.214113256778247	7.21833947088889	0.966	0.0026937716213725864	0.002458031512669621
ctcf_initial	mcf7-encsr000ahd	4	0.0	19	0.45530171246912526			0.07040599076378426	0.07384920446638575	5.662159989963264	6.614572849459801	0.169	0.005098434906437651	0.008514429681441081
ctcf_initial	mcf7-encsr000ahd	4	10.0	19	0.46165231615395025			0.07113586474162659	0.0740647739423969	5.296325684421942	6.436084031737859	0.143	0.10844983867368256	0.009062446633073595
ctcf_initial	mcf7-encsr000ahd	4	25.0	19	0.4590240830952476			0.07151266872463218	0.07434534442948496	4.632018973815145	6.28500788576025	0.128	0.10699816684441062	0.43889961220455903
ctcf_initial	mcf7-encsr000ahd	4	50.0	19	0.45672067946374906			0.0734992096932847	0.07430114448953953	0.0	5.849883183163543	0.089	0.11651180357934436	0.01532325571496321
ctcf_initial	mcf7-encsr000ahd	4	75.0	19	0.005694983370285532			0.7157562867492698	0.7536057691837409	6.623960067893563	6.809128619833219	0.752	0.18699447174930833	0.19458543687703644
ctcf_initial	mcf7-encsr000ahd	4	100.0	19	0.00016754407638124025			0.7657322185067706	0.7669648674338773	7.25899219975746	7.265286971818839	0.987	0.1023305031290919	0.00330151818671662
ctcf_initial	mcf7-encsr000ahd	5	0.0	19	0.3394946629475874			0.06986200102041935	0.07318585434787267	5.767964859408779	6.564729317808176	0.165	0.10737513879543012	0.5537575155777061
ctcf_initial	mcf7-encsr000ahd	5	10.0	19	0.10883919365162441			0.0703184353581006	0.0714584959220565	5.539390728788136	6.490862394331629	0.163	0.008302732516038112	0.462749877099422
ctcf_initial	mcf7-encsr000ahd	5	25.0	19	0.2089315700766668			0.07102954603971418	0.07152210594110579	4.608828800532592	6.286438541271573	0.133	0.007582045360174337	0.49527994043609935
ctcf_initial	mcf7-encsr000ahd	5	50.0	19	0.22773605074976816			0.07284017624609192	0.07157726652659321	0.0	5.85140114269497	0.09	0.00953745307903139	0.5058071561136183
ctcf_initial	mcf7-encsr000ahd	5	75.0	19	0.16570176672733475			0.7271706747491485	0.7715526879582257	6.540595518098533	6.753969786414152	0.705	0.14861653438955882	0.003711465828736106
ctcf_initial	mcf7-encsr000ahd	5	100.0	19	0.0			0.7696532800563298	0.7696532800563298	7.255335784107525	7.255335784107525	1.0	0.10121725448881976	0.0019341114717016288
ctcf_initial	mcf7-encsr000ahd	6	0.0	19	0.0952977550962569			0.07008911246899069	0.07158970379406614	5.898806512232244	6.6813404028940875	0.202	0.10848174140990754	0.42838069183480626
ctcf_initial	mcf7-encsr000ahd	6	10.0	19	0.09000008780210403			0.07065924965114045	0.07150550670463038	5.645300623040477	6.551440001745572	0.193	0.11040320634262812	0.4262673688271989
ctcf_initial	mcf7-encsr000ahd	6	25.0	19	0.4415206137288602			0.07164807813129981	0.0739644217041446	4.989893793723526	6.311188325927729	0.138	0.010739945436365016	0.010117167119587378
ctcf_initial	mcf7-encsr000ahd	6	50.0	19	0.43524476837589254			0.0737376608360171	0.0742966962807123	0.0	5.826813122311629	0.096	0.018757286884304888	0.01738540949121557
ctcf_initial	mcf7-encsr000ahd	6	75.0	19	0.10729174445290594			0.7113232991014351	0.7555257639435958	6.554281100188345	6.769734879434311	0.714	0.10278782731335181	0.003785169527066521
ctcf_initial	mcf7-encsr000ahd	6	100.0	19	0.22212500819944486			0.7357646257826354	0.7593038149121781	7.205914833449387	7.239234264438248	0.999	0.22224154012334393	0.0029406130881943506
ctcf_initial	mcf7-encsr000ahd	7	0.0	19	0.4593342024618652			0.07086755392303594	0.07487297696086215	5.142918150252504	6.435703548045746	0.151	0.10765449323368906	0.5035239234801349
ctcf_initial	mcf7-encsr000ahd	7	10.0	19	0.45363122456707394			0.07142599704704963	0.07545098218620482	3.835744417636339	6.2711614130797795	0.134	0.0085361848087155	0.50734373826281
ctcf_initial	mcf7-encsr000ahd	7	25.0	19	0.30763453321194323			0.07220606039787138	0.07186937574077396	2.3161602462215054	6.0985565707115645	0.114	0.008805444409854424	0.49077383644273753
ctcf_initial	mcf7-encsr000ahd	7	50.0	19	0.4184101330332903			0.08298176038658103	0.07555833553508037	0.0	5.635864132782842	0.079	0.031360238260336855	0.015081882706604835
ctcf_initial	mcf7-encsr000ahd	7	75.0	19	0.10487282196643151			0.7197563392193839	0.7362737515829045	6.610589469394063	6.757962157281956	0.767	0.10256114986055476	0.10338620228586144
ctcf_initial	mcf7-encsr000ahd	7	100.0	19	0.0			0.7615981792455352	0.7615981792455352	7.228928746440651	7.228928746440651	1.0	0.10208803397983675	0.0025408214316788077
ctcf_initial	mcf7-encsr000ahd	8	0.0	19	0.38423171945312884			0.07022840540346109	0.07432122425507152	5.790803008669014	6.637530089044688	0.179	0.007282455877294756	0.010080431527466191
ctcf_initial	mcf7-encsr000ahd	8	10.0	19	0.3858090472773748			0.07078952312510677	0.07420975807754115	5.52926481733268	6.525839948191923	0.163	0.006493340046735691	0.010682671729531664
ctcf_initial	mcf7-encsr000ahd	8	25.0	19	0.3885183918374618			0.07166908961701768	0.07399129302846606	5.156765668465338	6.419031818566185	0.147	0.01047825811225325	0.011584940462711038
ctcf_initial	mcf7-encsr000ahd	8	50.0	19	0.38733264581987337			0.07366234338191473	0.07005597644892306	0.0	5.953495016932552	0.099	0.11324538217931757	0.5918755237693129
ctcf_initial	mcf7-encsr000ahd	8	75.0	19	0.006539115181952178			0.7081788348899954	0.7499759244107802	6.618184793469634	6.80930872354851	0.752	0.17758026293699067	0.002720111279453053
ctcf_initial	mcf7-encsr000ahd	8	100.0	19	0.00017486578711676273			0.7634276548335786	0.7653815967770403	7.302279271246626	7.308444917306559	0.999	0.1915598758855998	0.0019741960036305088
ctcf_initial	mcf7-encsr000ahd	9	0.0	19	0.3993700375400683			0.07154748856429341	0.0743061065356269	5.9309043685851215	6.731347072773356	0.186	0.007646084116495799	0.011171430560897887
ctcf_initial	mcf7-encsr000ahd	9	10.0	19	0.4730700899423921			0.07225159199176037	0.0740206241445645	5.7436909966153715	6.649835971554774	0.173	0.00882166969664957	0.011053977631692287
ctcf_initial	mcf7-encsr000ahd	9	25.0	19	0.473461075115731			0.07279837221586677	0.0742240251634261	5.348458982125799	6.449630450324354	0.148	0.1098902512375625	0.44021647392256563
ctcf_initial	mcf7-encsr000ahd	9	50.0	19	0.4549948738840085			0.07457006938538692	0.07377674820941664	2.6877774235975886	6.064967389418308	0.108	0.10911420038157907	0.4365655432369298
ctcf_initial	mcf7-encsr000ahd	9	75.0	19	0.0069412987518403906			0.711947065205226	0.7469791500397991	6.568718060343215	6.767867650457802	0.752	0.1553122985451398	0.0048353195385559275
ctcf_initial	mcf7-encsr000ahd	9	100.0	19	0.10091447668013986			0.7554250570852291	0.740583139001118	7.212164599257183	7.218277036565134	0.992	0.1922756498647689	0.10321919354987515
ctcf_initial	mcf7-encsr000ahd	10	0.0	19	0.1004519887144846			0.0702870077261527	0.07165666998981927	5.506820392662645	6.627808424102464	0.191	0.10517212830013098	0.4321607063246899
ctcf_initial	mcf7-encsr000ahd	10	10.0	19	0.37946406733256066			0.07085950182170478	0.07484534936898565	4.749110223261659	6.490203789927855	0.159	0.004940669366510647	0.00825632881970637
ctcf_initial	mcf7-encsr000ahd	10	25.0	19	0.10887503943741061			0.07163009506271117	0.0718775539312155	3.3953103785784453	6.281182451603047	0.147	0.004703782671433561	0.4351657020903638
ctcf_initial	mcf7-encsr000ahd	10	50.0	19	0.12771911945833675			0.07308877375871733	0.07163005858012829	0.0	5.864391131758753	0.102	0.007207175899765024	0.4410471478138562
ctcf_initial	mcf7-encsr000ahd	10	75.0	19	0.008629914916502434			0.7338053570816211	0.7710311237695752	6.602719376099912	6.812515488856385	0.691	0.18041389965982352	0.003340345773746118
ctcf_initial	mcf7-encsr000ahd	10	100.0	19	0.00037167437940173914			0.7686527305674593	0.7691457843023278	7.244062895681822	7.253612382121271	0.999	0.0019399930208765237	0.002407019637208367
ctcf_fine	calu3-development	1	55.0	19	0.3163521774276771	0.5344444413794008	0.49004227487851826	0.07326516873577933	0.07476899294093557	0.0	5.523866262664925	0.145	0.1113105165326624	0.5249857049572944
ctcf_fine	calu3-development	1	60.0	19	0.20363404346968217	0.2574180633773327	0.26810164828192545	0.6530245477561218	0.6801386785269303	5.388267336703036	6.317172565426359	0.553	0.19382755610373686	0.006444048264033375
ctcf_fine	calu3-development	1	65.0	19	0.11473447970160937	0.17534111014638393	0.18816748016179005	0.6617011890594744	0.7047040162087008	5.83457918614551	6.49829536313056	0.547	0.19387744587144606	0.10310434341453042
ctcf_fine	calu3-development	1	70.0	19	0.11200821248409812	0.16615182423737473	0.1800444610301884	0.669505944458961	0.7059190262938217	6.09682338213767	6.606811235942144	0.59	0.24989370469087113	0.0033195027418852093
ctcf_fine	calu3-development	2	55.0	19	0.47516639483243645	0.6572978947368421	0.6007829236113887	0.45472879498631863	0.07541676399166931	4.504862792395659	5.899337964324296	0.091	0.2110315229939254	0.013930788215562765
ctcf_fine	calu3-development	2	60.0	19	0.11949944597626094	0.19168832823413612	0.20079712184245285	0.5421764154374141	0.6952719685498219	5.255710328322199	6.2116209178498805	0.487	0.0036632002750680826	0.10442917961547744
ctcf_fine	calu3-development	2	65.0	19	0.017560594081164477	0.08747207047977851	0.09762025175467129	0.6165911762766275	0.6988571866998347	5.584385281973169	6.380576003966637	0.519	0.002705121283472336	0.004036345609101342
ctcf_fine	calu3-development	2	70.0	19	0.014153373575408667	0.07705251788731372	0.0876127746701401	0.647331369572133	0.7000543412655927	5.918587508019766	6.502873276826423	0.562	0.002642352919500175	0.10341107893675332
ctcf_fine	calu3-development	3	55.0	19	0.3393909578246915	0.5670271270418205	0.5133544206901415	0.07396172911668522	0.07438040625521165	0.0	5.743624212965538	0.145	0.1142256112795085	0.04379045122957959
ctcf_fine	calu3-development	3	60.0	19	0.3150764309067887	0.4911263012645491	0.4496343123368103	0.07493526338689695	0.7103506606534834	0.0	6.308294971189586	0.435	0.18878651461460252	0.33082165202716884
ctcf_fine	calu3-development	3	65.0	19	0.11657717629083844	0.18181978003811766	0.1924529085348242	0.6437888491657903	0.7048783327117778	5.703295262535388	6.435015798424031	0.526	0.15782949245537914	0.19410837034638356
ctcf_fine	calu3-development	3	70.0	19	0.17763892536985465	0.25509664235955043	0.26643981843246245	0.6578278420114653	0.7086522300326146	5.92011872734644	6.563694803670064	0.574	0.14850544346564148	0.1043232625525741
ctcf_fine	calu3-development	4	55.0	19	0.23018803478934116	0.38805566264373736	0.407097876921784	0.07219881652578913	0.07026730076154698	0.0	5.663541877367142	0.087	0.11970813110465431	0.4909318565744229
ctcf_fine	calu3-development	4	60.0	19	0.12276865820211272	0.19350003011367964	0.20924917698781656	0.6200829990715948	0.6992140782178405	5.4088140613761375	6.349980396145874	0.44	0.21253341838268272	0.4792696611944997
ctcf_fine	calu3-development	4	65.0	19	0.019349820613326026	0.08942413054701888	0.10445939932168029	0.6390306525609964	0.7046454668245483	5.810450788009569	6.501118569788916	0.51	0.0031764154404415887	0.004324190591077405
ctcf_fine	calu3-development	4	70.0	19	0.016351127528483254	0.079403990912628	0.09513024729556603	0.6505412905348167	0.7030801952153667	6.088412581257773	6.608706015782072	0.556	0.0033410708788273427	0.0034533132425583
ctcf_fine	calu3-development	5	55.0	19	0.4637743651406458	0.651208821978022	0.5983976747180761	0.07230870799509043	0.07303835296313164	0.0	5.879962656244053	0.091	0.018881938889423633	0.5562440395554801
ctcf_fine	calu3-development	5	60.0	19	0.02364091669351039	0.10279308418570204	0.11731138800561292	0.6223106536255871	0.7014800031211339	5.5743759977222265	6.3220646593597944	0.422	0.1477696774496198	0.3549838470765778
ctcf_fine	calu3-development	5	65.0	19	0.11565629420772508	0.17543612543360512	0.1872909451736609	0.6432639336911827	0.712435902791846	5.91878257742308	6.500266262295969	0.519	0.15055635839052223	0.26654756672240926
ctcf_fine	calu3-development	5	70.0	19	0.0160808525130821	0.07299816341121479	0.09075781970225831	0.6516573544714654	0.7086816050882315	6.205613525752093	6.643843063246012	0.582	0.0034220699623864724	0.25850975185677305
ctcf_fine	calu3-development	6	55.0	19	0.17839392022904974	0.2802766064994746	0.2852031385700917	0.6414027320407724	0.6904037414823753	4.712737191467469	6.069205936860319	0.444	0.2062868782692878	0.537883109849696
ctcf_fine	calu3-development	6	60.0	19	0.021603211707721268	0.10229094582755942	0.11235431232678907	0.6511214265550017	0.7092343109573234	5.273021941930685	6.301104872554863	0.444	0.14561320623892296	0.005588095167277701
ctcf_fine	calu3-development	6	65.0	19	0.014420549908826357	0.07714675782053244	0.0874492148538506	0.6631896413647282	0.7041515695330202	5.723799136394253	6.430474871823459	0.567	0.1460673832388182	0.004270643071202708
ctcf_fine	calu3-development	6	70.0	19	0.013660251310991878	0.0723126260627183	0.0853551965763354	0.6675106332039183	0.7086473340883015	6.053784780912256	6.578003729934334	0.582	0.0046604713280527345	0.0037829400336971248
ctcf_fine	calu3-development	7	55.0	19	0.024037086702528788	0.10965488886180146	0.11749244559652139	0.6338099782796917	0.6998087782756538	4.18309747545989	6.050158968613905	0.43	0.19419072354109215	0.5387692143414163
ctcf_fine	calu3-development	7	60.0	19	0.023123982921423838	0.10449756471297693	0.11483202003397468	0.6477150871596172	0.7076398809892043	5.163326208955722	6.213811901524203	0.44	0.15897956349486422	0.24585563502380514
ctcf_fine	calu3-development	7	65.0	19	0.11714321310943827	0.1824476953649657	0.19352804145114458	0.6699202362352867	0.710364544307928	5.658510476872008	6.379929393922917	0.507	0.19789110947979513	0.1033164183030156
ctcf_fine	calu3-development	7	70.0	19	0.11416076501094419	0.17060683353459352	0.1833904683808339	0.673363791415326	0.7066391486527029	5.965623217539266	6.481759633919637	0.58	0.00661485811660015	0.10332257307042987
ctcf_fine	calu3-development	8	55.0	19	0.21993740777276288	0.30592145157116934	0.31008686982276035	0.21969226522000748	0.6532504307223181	4.929432686189357	6.129848435063945	0.441	0.15126314771889654	0.4469987466940156
ctcf_fine	calu3-development	8	60.0	19	0.21618830890241855	0.3640716774193896	0.37856421067041807	0.31694648285667465	0.7004315035435863	5.354137458296042	6.3128268804867345	0.434	0.15702561150817432	0.004834569415699489
ctcf_fine	calu3-development	8	65.0	19	0.21591939128110194	0.34847684768279313	0.3628454022462478	0.4520218041831298	0.6959547553071114	5.676150568102092	6.439069035587991	0.51	0.2386320105682974	0.004143519810656626
ctcf_fine	calu3-development	8	70.0	19	0.21548215345196264	0.33659263718122484	0.35203163584516967	0.5327881807756991	0.6970820167734326	5.94206747060201	6.542651971301884	0.556	0.17262675994167767	0.004131359836483307
ctcf_fine	calu3-development	9	55.0	19	0.4634386327035137	0.6280334916667417	0.5957367760193161	0.07147443156256081	0.07385688531305268	0.0	5.8554980252508395	0.09	0.22615576411577523	0.45867561298135584
ctcf_fine	calu3-development	9	60.0	19	0.4587775438113386	0.6268487740741259	0.5928945055563957	0.0718400616856278	0.0736059011215148	0.0	5.707584130873759	0.081	0.22269772855867015	0.4199920949962355
ctcf_fine	calu3-development	9	65.0	19	0.014967929710236591	0.07347314171456985	0.0860045526220764	0.6279715293922671	0.6855440187778087	5.960479118763834	6.486935851776871	0.579	0.1036519852265148	0.003926506334153198
ctcf_fine	calu3-development	9	70.0	19	0.014071765354386371	0.07502430316515307	0.08675225107793108	0.6386410454016684	0.7043360789947732	6.219253097973057	6.612653658908982	0.592	0.10277025599911611	0.0027554801739432307
ctcf_fine	calu3-development	10	55.0	19	0.20738816033645327	0.3692488051886948	0.3738161674760666	0.07218197167583641	0.07159540339407444	0.0	5.739821123756549	0.106	0.015081459728823094	0.4326846650628649
ctcf_fine	calu3-development	10	60.0	19	0.26793343118407925	0.4684087473889338	0.41144423463007823	0.0730853313452085	0.6934015890767403	0.0	6.384850123919507	0.514	0.013873118493997466	0.5284342706203873
ctcf_fine	calu3-development	10	65.0	19	0.1124646949573757	0.17083513834206554	0.17748765949200992	0.6520526106248968	0.679227754127391	5.845632804104849	6.478388004632759	0.579	0.10431871124386863	0.006009032011331801
ctcf_fine	calu3-development	10	70.0	19	0.11273060114689663	0.16887500189022492	0.1813567983877605	0.6487091854564613	0.6992681338241388	6.1624766844712315	6.618768724589918	0.582	0.10498457896515642	0.00326271017712676
ctcf_fine	a549-encsr035oxa	1	55.0	19	0.026021008409117554	0.11000820154362159	0.11963637375553751	0.42050185278334	0.7020583765137278	4.145891640027819	6.152732694704104	0.416	0.22335626871029857	0.4598782468616355
ctcf_fine	a549-encsr035oxa	1	60.0	19	0.022702841653794794	0.09179894541917305	0.11122794754527603	0.6685945140137115	0.7183174011891864	5.33800388472139	6.375378434148419	0.486	0.19852171478493655	0.4326968598101812
ctcf_fine	a549-encsr035oxa	1	65.0	19	0.020020524422253043	0.08190737320585373	0.10257721220229671	0.6804036421475879	0.7221630454739734	5.705730664541409	6.472346294500901	0.517	0.19440002458860492	0.10298774883908986
ctcf_fine	a549-encsr035oxa	1	70.0	19	0.017291675533629362	0.07416850902398166	0.09569186450997995	0.6910268626931899	0.7241964587615735	6.035382402058822	6.588725455905434	0.557	0.1931428346103037	0.10273393951266481
ctcf_fine	a549-encsr035oxa	2	55.0	19	0.12180331667345567	0.20192577192585323	0.20879894442323552	0.6407920734097102	0.7317360757757854	5.222126700164211	6.261752484546118	0.431	0.1684862676116837	0.3564200889646669
ctcf_fine	a549-encsr035oxa	2	60.0	19	0.11795499246095502	0.19055361751550176	0.19840450813782465	0.6530093030800502	0.7349882641720765	5.673792837799004	6.423061973449385	0.491	0.10445253524377793	0.004399050918983682
ctcf_fine	a549-encsr035oxa	2	65.0	19	0.11520547010594542	0.17830233376638766	0.18904545546922993	0.6722665355493065	0.7349781697151369	5.984716338881492	6.5645726717284685	0.539	0.10386642470433546	0.004386171590076755
ctcf_fine	a549-encsr035oxa	2	70.0	19	0.01550411124669849	0.08172627861555315	0.09565338387161315	0.6945723303283912	0.737772702691738	6.187283927745968	6.66539010917868	0.555	0.003362693686364368	0.00444755220211007
ctcf_fine	a549-encsr035oxa	3	55.0	19	0.21637405146965602	0.3557604186003045	0.3659639758881335	0.5329021225291223	0.7228693181726878	5.093264308264469	6.35508098000795	0.478	0.16783807841366538	0.5062172054998303
ctcf_fine	a549-encsr035oxa	3	60.0	19	0.01782894344061107	0.08963681954897744	0.1014190329321027	0.6773668031202418	0.7238215201549204	5.74992625480115	6.472811456768588	0.525	0.10558068369986448	0.10592986906029374
ctcf_fine	a549-encsr035oxa	3	65.0	19	0.015373583278634273	0.08147742744369359	0.09353461110917301	0.6887285393404503	0.7284283483453202	6.014586530133325	6.59550162263942	0.56	0.005972390431681169	0.006523865575783404
ctcf_fine	a549-encsr035oxa	3	70.0	19	0.013017853115433894	0.07201407017566484	0.08491115966476769	0.6914043707337111	0.7290677025097638	6.218815047583732	6.691658810199923	0.609	0.10410750562493068	0.10493400223298821
ctcf_fine	a549-encsr035oxa	4	55.0	19	0.3277335785961052	0.5573097992204114	0.49833561488928235	0.07548784060395108	0.07493745135772939	0.0	6.055347891499948	0.108	0.11186233314562566	0.4076635371704301
ctcf_fine	a549-encsr035oxa	4	60.0	19	0.1161723087543424	0.1828185567690102	0.19186517912721096	0.5806151378130393	0.7241387059273058	5.612110239628829	6.391575145409529	0.554	0.21914300653656116	0.0055268829704404245
ctcf_fine	a549-encsr035oxa	4	65.0	19	0.11559190696567141	0.17667627764602237	0.18694293435688256	0.6686319045134345	0.7182257215151906	5.921467441139661	6.488525128835752	0.548	0.17155929415002494	0.10316026124753316
ctcf_fine	a549-encsr035oxa	4	70.0	19	0.11170891289434762	0.16522585306298185	0.17483326638576702	0.6738915452488538	0.7288126262772285	6.218815047583732	6.639954890501973	0.604	0.19469995767513093	0.0038095455746074854
ctcf_fine	a549-encsr035oxa	5	55.0	19	0.19721981034019037	0.3448401914063528	0.35057463361997604	0.5917951083964871	0.6175427673138907	5.32594255294389	6.220240026780766	0.512	0.20141221948984742	0.38395360877735757
ctcf_fine	a549-encsr035oxa	5	60.0	19	0.11955519703116375	0.18559250913556896	0.1989898004787553	0.6418081328590644	0.7243773039379064	5.736100805584103	6.421436976897629	0.509	0.1501732015269661	0.332655211479603
ctcf_fine	a549-encsr035oxa	5	65.0	19	0.11593969365611814	0.17581415982163376	0.18710147063090304	0.6712886633342174	0.7230374016183201	5.998499515440744	6.543184746791354	0.56	0.10570769018091548	0.19333576082090165
ctcf_fine	a549-encsr035oxa	5	70.0	19	0.016671211594067134	0.07804142612795113	0.09433435692254806	0.687548577297071	0.7332456453776122	6.192654200509101	6.679644677488836	0.56	0.10491205322430959	0.10289789849583794
ctcf_fine	a549-encsr035oxa	6	55.0	19	0.39879212966245153	0.589266766000116	0.552271388699895	0.07579978130062157	0.07665876751862104	0.0	5.665048784191385	0.075	0.23356751032129483	0.3972330648158205
ctcf_fine	a549-encsr035oxa	6	60.0	19	0.018868608876940158	0.08903534350129035	0.09885488660878615	0.6630263034505482	0.7218128521502628	5.532693233516462	6.376478399945664	0.509	0.16661975683660385	0.005351391242011269
ctcf_fine	a549-encsr035oxa	6	65.0	19	0.1150872078185908	0.17911460282856723	0.18610848120410622	0.6542695454137951	0.7220417195903279	5.8698252668731685	6.493815802542668	0.548	0.19679362864218441	0.25800098650489256
ctcf_fine	a549-encsr035oxa	6	70.0	19	0.11372377186221547	0.17229354826097815	0.18157465102488013	0.6672534357510286	0.7268484861569756	6.117534765665592	6.616009771703066	0.575	0.1954087139808648	0.263218718275973
ctcf_fine	a549-encsr035oxa	7	55.0	19	0.11853871846462116	0.18771347647679865	0.19697293833810642	0.647607201932228	0.704049088480922	4.821954426161812	6.198317766048514	0.474	0.11937597737154099	0.2640385592025777
ctcf_fine	a549-encsr035oxa	7	60.0	19	0.20542671403323082	0.26517088090642593	0.2744410888036307	0.6563894261063138	0.7098448500950428	5.509633167979766	6.350254229696843	0.517	0.10462707324604088	0.004959619690236154
ctcf_fine	a549-encsr035oxa	7	65.0	19	0.11509552298917429	0.17108282621630128	0.18761696858707544	0.6711320549462962	0.7235469822029219	5.8655548375407145	6.5088231029859145	0.555	0.1040818556452195	0.003894326487427619
ctcf_fine	a549-encsr035oxa	7	70.0	19	0.2009498305831267	0.24810811968916602	0.25912023117330724	0.6792567708393802	0.7123871606654271	6.093312528491145	6.584633999679268	0.631	0.19406919735372907	0.10384553511234422
ctcf_fine	a549-encsr035oxa	8	55.0	19	0.018702107879099008	0.10269313879471181	0.10652656166909169	0.6502080870399791	0.7263073106987762	5.281787733791928	6.011277872399395	0.372	0.18892698748330478	0.4236861931290352
ctcf_fine	a549-encsr035oxa	8	60.0	19	0.01811065396824935	0.08753441950479658	0.0983572674235321	0.6725298025017865	0.7315858400251525	5.713471447113857	6.407282751721157	0.51	0.13730225048095665	0.42079526645485854
ctcf_fine	a549-encsr035oxa	8	65.0	19	0.016501857515005797	0.07777087245147073	0.09360773657109689	0.6890141648387373	0.7327729531660648	6.002605965513178	6.5470442812169	0.555	0.16663488013211952	0.004082434499785561
ctcf_fine	a549-encsr035oxa	8	70.0	19	0.225907845848911	0.3333267198450074	0.3461913687867467	0.6577638617812213	0.7348829075260362	6.24433423840494	6.667212051769583	0.563	0.0036169830239267996	0.004132534717828508
ctcf_fine	a549-encsr035oxa	9	55.0	19	0.17743598261919308	0.312403228960579	0.3263388843648417	0.07607287735550995	0.07996751291124003	0.0	5.47539489532598	0.202	0.20671407627146776	0.25773790868305274
ctcf_fine	a549-encsr035oxa	9	60.0	19	0.012301933829006503	0.08226815633993288	0.0849813337816734	0.617963723165717	0.7003104197713805	5.5493113908559994	6.020831143388738	0.44	0.1536907879602245	0.24339614035808493
ctcf_fine	a549-encsr035oxa	9	65.0	19	0.016495390692784696	0.07724237646486463	0.0926902400534837	0.63816951706341	0.6884010992476757	5.854486880088183	6.41807763323472	0.53	0.16199607980941214	0.24563235687710125
ctcf_fine	a549-encsr035oxa	9	70.0	19	0.014889865010134909	0.06899480412468131	0.08868390670432254	0.648481780830236	0.6952409017760066	6.13072538803674	6.548820950846683	0.564	0.16645515710250877	0.2480529752902696
ctcf_fine	a549-encsr035oxa	10	55.0	19	0.01697061243247664	0.09757056256730316	0.10047554606423714	0.6448472195906952	0.7253136637901306	5.3923596811283065	6.004896274704882	0.392	0.19944787894764826	0.4247874091955357
ctcf_fine	a549-encsr035oxa	10	60.0	19	0.018186678129782762	0.09402765208756377	0.10185459179004974	0.6600973244678164	0.7216548546825812	5.749030043134318	6.414967357899658	0.503	0.004571774209857112	0.004231225217773058
ctcf_fine	a549-encsr035oxa	10	65.0	19	0.2128741472526467	0.3386631355577601	0.3470804334179872	0.5951039200972725	0.7213574319836281	5.984551016495204	6.538304078402794	0.564	0.15706958665262105	0.004188616358100087
ctcf_fine	a549-encsr035oxa	10	70.0	19	0.013193457191928172	0.07152327518555136	0.08271487679812388	0.6879927304781908	0.7330562802157231	6.210087350210949	6.6519072660609675	0.582	0.003479664753317327	0.004037416256296277
ctcf_fine	mcf7-encsr000ahd	1	55.0	19	0.0166119916925944	0.08668412772445096	0.09202123316662271	0.5625181512786955	0.6987777966982285	5.479211143379016	6.249173814352548	0.553	0.2329041075060225	0.43383624255760794
ctcf_fine	mcf7-encsr000ahd	1	60.0	19	0.014570754694013066	0.07766013824932098	0.08473494149032983	0.605453977244539	0.7103368310023538	5.801586236054547	6.38168203001048	0.576	0.23016401382708257	0.47536081079256765
ctcf_fine	mcf7-encsr000ahd	1	65.0	19	0.20136212219703897	0.24659791597092762	0.25707630186894825	0.636907592324161	0.7197473369073105	6.091216229083438	6.544604391397575	0.633	0.1717788815336658	0.10472761446308784
ctcf_fine	mcf7-encsr000ahd	1	70.0	19	0.20451140982284094	0.32046579419197657	0.3313153472989648	0.6661193664753399	0.7441651027964916	6.333138976603882	6.664083364645263	0.648	0.1774091504376028	0.0047364944419655995
ctcf_fine	mcf7-encsr000ahd	2	55.0	19	0.3611180601707321	0.5476998392858572	0.5167621284611531	0.07795378742770702	0.07183923193904959	0.0	5.685625496506893	0.084	0.1628181908147691	0.36175500523964876
ctcf_fine	mcf7-encsr000ahd	2	60.0	19	0.19642885451634715	0.3385866144061579	0.34730766062717017	0.5212399728641003	0.7495374136908114	5.7468440696398035	6.365473759455889	0.561	0.00506253254719692	0.21810064993682607
ctcf_fine	mcf7-encsr000ahd	2	65.0	19	0.01138255617304173	0.06657157483142517	0.0787020522686913	0.7087675377194174	0.7517362156788715	6.056949294824808	6.49303176188675	0.601	0.1597860806361409	0.22265809759595068
ctcf_fine	mcf7-encsr000ahd	2	70.0	19	0.16850039395188326	0.23561799269082767	0.24616484271544276	0.7044862368940319	0.752861342468203	6.286286510938892	6.604153696830479	0.658	0.2192440002287724	0.10387776444654409
ctcf_fine	mcf7-encsr000ahd	3	55.0	19	0.23256086775014326	0.3876911964707347	0.40751867014693577	0.07323356424029998	0.07191476742318657	0.0	5.777407149993539	0.085	0.015330180710321434	0.44775516985030483
ctcf_fine	mcf7-encsr000ahd	3	60.0	19	0.11649521441849023	0.17762561728396728	0.18889865694920158	0.5571065188271282	0.7141896913230845	5.718844608937058	6.315871426038033	0.567	0.00719108067305612	0.3188153564550916
ctcf_fine	mcf7-encsr000ahd	3	65.0	19	0.013854735536354933	0.0725323664559736	0.0832527852702492	0.6293442548559628	0.7438483493944098	5.991024222031483	6.496389889641295	0.616	0.006099704367349733	0.004683773161676169
ctcf_fine	mcf7-encsr000ahd	3	70.0	19	0.009893098204431757	0.060824725850484665	0.07088215047624877	0.6787288625549223	0.7498101902214931	6.27291903659631	6.625757983033193	0.656	0.004810912362226034	0.005131892000361641
ctcf_fine	mcf7-encsr000ahd	4	55.0	19	0.013237554636682686	0.0761774116279759	0.08497645657561233	0.663765278211287	0.7260803724471183	5.459409359544068	6.002782363241304	0.43	0.15293132542461296	0.43944990490676483
ctcf_fine	mcf7-encsr000ahd	4	60.0	19	0.013924254646143707	0.06988196236894104	0.08627366361862998	0.6495958911407931	0.7367936417376899	5.918084306259109	6.490413744515479	0.607	0.15968475872912732	0.22405698772879637
ctcf_fine	mcf7-encsr000ahd	4	65.0	19	0.011300694698472636	0.06366440098692451	0.0775092017638312	0.6763605164548115	0.7455684691544259	6.20934778863957	6.603479729552636	0.64	0.16802528387838742	0.004824653193022077
ctcf_fine	mcf7-encsr000ahd	4	70.0	19	0.007771004490547752	0.05105527801431078	0.06309460686224305	0.7018009975501112	0.7493485187881955	6.39295474698905	6.694138178249983	0.705	0.18014938041885833	0.24144478155114568
ctcf_fine	mcf7-encsr000ahd	5	55.0	19	0.11456971246465933	0.18175277559302044	0.1872188302549018	0.661980000242792	0.7580897776591298	5.585354918922669	6.229600827601342	0.506	0.15005744880783203	0.30762086829902924
ctcf_fine	mcf7-encsr000ahd	5	60.0	19	0.1112036134311006	0.16848733987680134	0.17499569105688512	0.6896708742114169	0.763607213152861	5.937235517790014	6.375402684969155	0.568	0.1611995571369055	0.10410528184780259
ctcf_fine	mcf7-encsr000ahd	5	65.0	19	0.009670979080744647	0.06537266957611178	0.07217089977628892	0.710515297713756	0.7692448427228887	6.2213596873515025	6.515630475147502	0.597	0.0026806289747328205	0.0038525682389106706
ctcf_fine	mcf7-encsr000ahd	5	70.0	19	0.006951212797974639	0.055153516071058103	0.06199160687341234	0.7293436260548559	0.7696283270297255	6.435780990989127	6.651182870294779	0.673	0.0022579167346654695	0.0028735846303033475
ctcf_fine	mcf7-encsr000ahd	6	55.0	19	0.014040601809209078	0.08405871962861448	0.0860123259001649	0.6165818121070324	0.712078483400213	5.441210256297003	5.964077471527037	0.425	0.20293428982877226	0.4636589754668144
ctcf_fine	mcf7-encsr000ahd	6	60.0	19	0.01679183354218165	0.08291766706822767	0.0930189233299522	0.6090638445576135	0.7484345923219101	5.879819680368198	6.436023467295315	0.568	0.005344354500340692	0.10657133979284827
ctcf_fine	mcf7-encsr000ahd	6	65.0	19	0.012224428148809453	0.06409073973489691	0.07764844832323128	0.6669866410529947	0.7465984278469665	6.179930950839077	6.576994153866317	0.655	0.10418128992442077	0.004815207845059333
ctcf_fine	mcf7-encsr000ahd	6	70.0	19	0.010412927160402877	0.05593010169760849	0.07117527289125983	0.6963590578898412	0.7508345889465353	6.405336719193128	6.687209502910632	0.679	0.0032249899714171266	0.003687465800736745
ctcf_fine	mcf7-encsr000ahd	7	55.0	19	0.01344134218770933	0.08493189287938552	0.08865771691312167	0.6382994237030011	0.7092662616978045	5.663434940963963	6.0390193915844215	0.425	0.14192413042696553	0.19653141546585984
ctcf_fine	mcf7-encsr000ahd	7	60.0	19	0.013249675146466406	0.07331573616611858	0.08373895594197318	0.6717204944024101	0.7265549263010312	5.965555669806434	6.414762828097995	0.545	0.19410802104378896	0.1951647464431613
ctcf_fine	mcf7-encsr000ahd	7	65.0	19	0.199760150595494	0.24306666666666668	0.2526994534643773	0.6848931745556877	0.732117277585723	6.217063377732248	6.5341777248654145	0.625	0.0041076744417236355	0.1934715150736783
ctcf_fine	mcf7-encsr000ahd	7	70.0	19	0.10781127573978748	0.14612960614830178	0.15804696920856992	0.7115898561229329	0.7393706200928873	6.42926977435541	6.6502254990486795	0.675	0.10294120494153988	0.10331007032028752
ctcf_fine	mcf7-encsr000ahd	8	55.0	19	0.39644398955691157	0.5909723816667317	0.5472549125520805	0.07464008941013292	0.06994200483373006	0.0	5.833596627967858	0.09	0.17406615096099964	0.4391714354864707
ctcf_fine	mcf7-encsr000ahd	8	60.0	19	0.11051084491793159	0.17058184487856032	0.1741770809485791	0.666858991220157	0.7473972290723919	5.9549498703632535	6.462220215470341	0.576	0.23728922439304992	0.10352662072812287
ctcf_fine	mcf7-encsr000ahd	8	65.0	19	0.009412677521382027	0.06235852097064268	0.06950865913291308	0.6660317769623443	0.7492982594138038	6.2411172031687006	6.5859700786282716	0.64	0.16685245404512122	0.19326793433818334
ctcf_fine	mcf7-encsr000ahd	8	70.0	19	0.009744452713683903	0.05792400688942279	0.07102611678416942	0.6942719262178922	0.7565367521501031	6.45801829487705	6.714640342034451	0.657	0.10249701817271233	0.1925249788000831
ctcf_fine	mcf7-encsr000ahd	9	55.0	19	0.4558559273790028	0.63743795	0.5878980120742463	0.07513564766199869	0.0739848642092406	0.0	5.972121781588378	0.099	0.15110010140086838	0.4263863885600352
ctcf_fine	mcf7-encsr000ahd	9	60.0	19	0.004720126725706991	0.054001610402436374	0.05389040369447316	0.42265464867164104	0.45091423674287706	5.8191892670721685	6.031842009382711	0.594	0.15666399598562167	0.22272688982764385
ctcf_fine	mcf7-encsr000ahd	9	65.0	19	0.20698784616357074	0.3287947699725739	0.3329871900155769	0.48821418260304494	0.7314425545568117	6.0880303972479135	6.509915351766703	0.627	0.24404842109709468	0.005340579709081327
ctcf_fine	mcf7-encsr000ahd	9	70.0	19	0.008249385617682	0.05356745699824648	0.06254619781895857	0.6816990669087479	0.7417734911873758	6.3572151585894385	6.640952259162977	0.675	0.003915471219478125	0.004910513336138093
ctcf_fine	mcf7-encsr000ahd	10	55.0	19	0.006518011179182164	0.06237769546091578	0.06191131515615751	0.37969245647962113	0.41991491579802326	5.398920292696122	5.874980529519249	0.538	0.19373260179747548	0.4824730892818681
ctcf_fine	mcf7-encsr000ahd	10	60.0	19	0.015391946350023313	0.07922321352101243	0.09088905951907529	0.6434868765701183	0.7669515491543721	5.834810737062605	6.465747643070575	0.58	0.1557849955698707	0.003530228879700373
ctcf_fine	mcf7-encsr000ahd	10	65.0	19	0.01270383932742194	0.06694911436421963	0.0827621607903002	0.6941754994845946	0.7735502870722398	6.179393208842617	6.5962036538238795	0.613	0.1634968446909379	0.003580245513507575
ctcf_fine	mcf7-encsr000ahd	10	70.0	19	0.01069969789388381	0.058540592267774694	0.0751046052960469	0.7210786956101684	0.7733434790955703	6.432812783597052	6.7227529796971375	0.648	0.17033526849607136	0.0032936922838520282
gabpa_width	gabpa-a549-encsr000bpy	1	50.0	10	0.4201791315202718	0.6096420898550898	0.5834425433656316	0.11076857960087491	0.07110321228163999	0.0	4.59655989866145	0.138	0.016470209443841134	0.028758289501761236
gabpa_width	gabpa-a549-encsr000bpy	1	50.0	11	0.4277360856725188	0.6196718236500854	0.5809956634851159	0.09790685755473981	0.07085583612726633	0.0	4.858228825715663	0.133	0.017294474415302876	0.042877283541685546
gabpa_width	gabpa-a549-encsr000bpy	1	50.0	12	0.4127159227739485	0.6038672134294635	0.5608337714905487	0.09526491170085435	0.07050894536863396	0.0	5.056599356394954	0.139	0.018188705632747246	0.1418053946300904
gabpa_width	gabpa-a549-encsr000bpy	1	50.0	13	0.4280295585700565	0.6036292307692308	0.5781895719055249	0.09193175802545929	0.06996186888857342	0.0	5.210045411228983	0.111	0.01518787652546336	0.04661258696339475
gabpa_width	gabpa-a549-encsr000bpy	1	50.0	14	0.4263549561587077	0.6316428571428571	0.5849968081567463	0.08958515855291728	0.06996207897208044	0.0	5.267926343675477	0.1	0.14682383673119226	0.16055690334465472
gabpa_width	gabpa-a549-encsr000bpy	1	75.0	10	0.4204642791009885	0.6137394	0.5743583583642058	0.1513718577394623	0.07154901509349272	0.0	4.196923503788965	0.129	0.012311870063613103	0.03200398112382574
gabpa_width	gabpa-a549-encsr000bpy	1	75.0	11	0.4749519147398413	0.6394011818181818	0.6201602357741527	0.13740845276726538	0.07097575787037805	0.0	4.455601223680015	0.116	0.016596489087960672	0.04884002292538237
gabpa_width	gabpa-a549-encsr000bpy	1	75.0	12	0.421387690936125	0.6196944944444224	0.5696711875092391	0.15257172909447053	0.07119559040881247	0.0	4.57707054293588	0.09	0.013521672914077763	0.13631589157160645
gabpa_width	gabpa-a549-encsr000bpy	1	75.0	13	0.42902799116319834	0.6096714629763602	0.5795606335472949	0.1624875718783852	0.07028536833459965	0.0	4.817210635430835	0.107	0.22766932656057912	0.046209042312178844
gabpa_width	gabpa-a549-encsr000bpy	1	75.0	14	0.40419230250100596	0.5986283899416757	0.5668594231394622	0.1064997144838866	0.06982603494899593	0.0	4.9065622840420735	0.098	0.017896901594243998	0.13416750006032185
gabpa_width	gabpa-a549-encsr000bpy	1	100.0	10	0.4329033983054579	0.5841507000000001	0.5499506263380891	0.1861053242874967	0.07833509982264313	0.0	3.2975301534562345	0.073	0.3537177531788555	0.10169858064419643
gabpa_width	gabpa-a549-encsr000bpy	1	100.0	11	0.5300970402078512	0.6875140407523135	0.6706169641321891	0.17949643554978684	0.07213632595382884	0.0	3.58351893845611	0.058	0.1760624069420088	0.06615058223222103
gabpa_width	gabpa-a549-encsr000bpy	1	100.0	12	0.48307252563575687	0.6409364590395424	0.6224349738251012	0.34000866149840175	0.07119417375362587	0.0	3.734952994640873	0.059	0.012461265413542517	0.10480706353807064
gabpa_width	gabpa-a549-encsr000bpy	1	100.0	13	0.4710587989715883	0.6514740769230769	0.6212787273689769	0.30056044540756005	0.07146851179881668	0.0	3.650177244077853	0.031	0.20613413843214473	0.07752671231630281
gabpa_width	gabpa-a549-encsr000bpy	1	100.0	14	0.4564638996595714	0.6448571428571428	0.6183140325571774	0.3176948580361437	0.07161268012282315	0.0	3.709267908332568	0.04	0.18973094876118318	0.09671904871934352
gabpa_width	gabpa-a549-encsr000bpy	2	50.0	10	0.5056319753496882	0.6591750000000001	0.6463598880408247	0.1087369764696937	0.07109202778289406	0.0	4.672088548872828	0.16	0.014184955850452551	0.02534207544203182
gabpa_width	gabpa-a549-encsr000bpy	2	50.0	11	0.462521750667771	0.6534776340621794	0.6127156286696808	0.09497765843266923	0.07113516572506048	0.0	5.0809124350250965	0.158	0.012177863134832479	0.040373709148100845
gabpa_width	gabpa-a549-encsr000bpy	2	50.0	12	0.3946549672418189	0.6005321437126437	0.5459112693187771	0.09182295270242685	0.0702787093981637	0.0	5.176249890083098	0.167	0.00934078358386123	0.025393075910059914
gabpa_width	gabpa-a549-encsr000bpy	2	50.0	13	0.4365061365046273	0.6346887038752193	0.583815454457394	0.09064695707672066	0.07026374533173664	0.0	5.310925558207808	0.133	0.0116552739589162	0.024293741925502158
gabpa_width	gabpa-a549-encsr000bpy	2	50.0	14	0.4072481448979583	0.5782142857142857	0.5378029342189087	0.08778368256270157	0.07214855775492908	0.0	5.390790574630917	0.1	0.1545328408155642	0.01213933051886577
gabpa_width	gabpa-a549-encsr000bpy	2	75.0	10	0.49758815153746416	0.6566666000000001	0.6550952433794424	0.1894409448702978	0.07112558420946806	0.0	3.9463225427983497	0.075	0.1739529969094883	0.04563227619598269
gabpa_width	gabpa-a549-encsr000bpy	2	75.0	11	0.45642282582942006	0.6319127835970346	0.6074593268744315	0.14497164831210457	0.07151281210389972	0.0	4.275565774330383	0.092	0.011620128304234832	0.12058471056799713
gabpa_width	gabpa-a549-encsr000bpy	2	75.0	12	0.43910807124619833	0.6242330692884306	0.5833225757918762	0.21539854869981845	0.07046459489679532	0.0	4.442651256490317	0.089	0.01952221576005654	0.13029341297508332
gabpa_width	gabpa-a549-encsr000bpy	2	75.0	13	0.4124088227072145	0.6198885816327055	0.5639979698701002	0.20183605815903494	0.07026996656701309	0.0	4.641092941073992	0.098	0.15744279115663823	0.04435572501192665
gabpa_width	gabpa-a549-encsr000bpy	2	75.0	14	0.4171556529842447	0.6369925955056902	0.5833780116545563	0.12317225763707361	0.07031619354693291	0.0	4.68213122712422	0.089	0.09634707684667586	0.04922673669895287
gabpa_width	gabpa-a549-encsr000bpy	2	100.0	10	0.4393165401497468	0.5567	0.5906294937807346	0.2674123696085738	0.18478405007182738	0.0	0.0	0.002	0.3125764711058719	0.8789103455787018
gabpa_width	gabpa-a549-encsr000bpy	2	100.0	11	0.44661207498503575	0.5949790643357007	0.5955838272639906	0.2673147955598629	0.07469283381417217	0.0	3.4158789940541343	0.065	0.008405029272535142	0.06280167199127386
gabpa_width	gabpa-a549-encsr000bpy	2	100.0	12	0.4477683632684293	0.6311914210526623	0.5890709002162559	0.3445444699957831	0.07208725316975655	0.0	3.8551684232100683	0.057	0.16037894144805448	0.10828226080394493
gabpa_width	gabpa-a549-encsr000bpy	2	100.0	13	0.4004621255952575	0.6069648811189328	0.5496230181091805	0.3243303883690711	0.07212127944813534	0.0	3.9586625948309795	0.055	0.005202012774832442	0.09844008015901855
gabpa_width	gabpa-a549-encsr000bpy	2	100.0	14	0.35119816124953124	0.5738423307241654	0.5089518505732059	0.3224894854697792	0.07231235960022518	0.0	4.0239367393411225	0.073	0.20599267619090164	0.2068487864923261
gabpa_width	gabpa-a549-encsr000bpy	3	50.0	10	0.4741947644482579	0.6417444	0.639526540057035	0.10189544000417987	0.07090888637770733	0.0	4.629947071185141	0.135	0.22444192336870342	0.024147653254224813
gabpa_width	gabpa-a549-encsr000bpy	3	50.0	11	0.45292177818899565	0.6253504545454546	0.60791927327409	0.09790924213495998	0.07036670486656661	0.0	4.9745090676330035	0.138	0.012622472483839665	0.11486038012560545
gabpa_width	gabpa-a549-encsr000bpy	3	50.0	12	0.45409791688585793	0.6436153846153847	0.5845045368451055	0.09283963050222527	0.070179574863049	0.0	5.145501662938575	0.1	0.010772164223237958	0.6270848758838987
gabpa_width	gabpa-a549-encsr000bpy	3	50.0	13	0.44884358229505616	0.6194214581940669	0.5780570186463264	0.09238230256694244	0.0711396924062748	0.0	5.334746766471155	0.092	0.15510525566465877	0.658606651455168
gabpa_width	gabpa-a549-encsr000bpy	3	50.0	14	0.3711023990316514	0.5433117938775939	0.5136924294754386	0.09561899490188408	0.07227705844303665	0.0	5.494697717118565	0.098	0.20238398397487622	0.013324065062151941
gabpa_width	gabpa-a549-encsr000bpy	3	75.0	10	0.5212689929324668	0.6689444	0.6667505519978144	0.290209556419586	0.07160927372761164	0.0	3.9525025710624453	0.081	0.3525659819891745	0.03293687587760252
gabpa_width	gabpa-a549-encsr000bpy	3	75.0	11	0.47105082194287057	0.6401818181818182	0.6177306918358205	0.13361289383262884	0.07083623604860709	0.0	4.261564025893349	0.1	0.009222882962120295	0.1685349024823499
gabpa_width	gabpa-a549-encsr000bpy	3	75.0	12	0.44274098648801935	0.6240378750000417	0.6062429810916622	0.15305624731388548	0.07083911915539304	0.0	4.4642270738962555	0.11	0.011746029830597457	0.16965329889411937
gabpa_width	gabpa-a549-encsr000bpy	3	75.0	13	0.47275714190938467	0.6482772654388115	0.6324129888547867	0.1542800394858959	0.07043480103335199	0.0	4.701311974284032	0.071	0.2477449048650691	0.06932244904625608
gabpa_width	gabpa-a549-encsr000bpy	3	75.0	14	0.44732810793924943	0.6457846575344061	0.6167454041993229	0.11138521960854185	0.07019767905281743	0.0	4.751184250867827	0.073	0.018873811117852208	0.05428407906229909
gabpa_width	gabpa-a549-encsr000bpy	3	100.0	10	0.6246446370601753	0.7472367999999999	0.7307415394137899	0.3334642819540871	0.08778478404285205	0.0	0.0	0.019	0.01252452155621778	0.31623067904433083
gabpa_width	gabpa-a549-encsr000bpy	3	100.0	11	0.4475727299415354	0.61626475	0.596021717976769	0.2792581903154681	0.07685780265582975	0.0	3.0143945798332856	0.073	0.020991831386683	0.45184981277883396
gabpa_width	gabpa-a549-encsr000bpy	3	100.0	12	0.43618653971773336	0.5996775833333334	0.5924142976997566	0.26645584616722034	0.07514123779511078	0.0	3.301330697286723	0.046	0.03728753852897455	0.1270916929583694
gabpa_width	gabpa-a549-encsr000bpy	3	100.0	13	0.45851751041553146	0.6587027692307692	0.6071334871121382	0.20639689071646888	0.07357538195450222	0.0	3.301787676949643	0.037	0.1899886501344053	0.10986765643708374
gabpa_width	gabpa-a549-encsr000bpy	3	100.0	14	0.45012731146027835	0.6181520875575875	0.6047174351494842	0.3109943530163538	0.07241563320874898	0.0	3.3517564747085804	0.031	0.16253927194313691	0.14299055646628742
gabpa_width	gabpa-a549-encsr000bpy	4	50.0	10	0.4095933903367667	0.628217093220483	0.554706571889687	0.1055539914654395	0.07186779982071778	0.0	4.708503157395794	0.177	0.21105723360575934	0.13414198285922885
gabpa_width	gabpa-a549-encsr000bpy	4	50.0	11	0.42697674446754946	0.6398854604743577	0.5835850547035424	0.09347149152196436	0.07080449386172048	0.0	4.962844630259907	0.138	0.019360659173943886	0.039140714880974446
gabpa_width	gabpa-a549-encsr000bpy	4	50.0	12	0.4024865003028057	0.617048853554063	0.5634902575297854	0.095005065951822	0.07094873934225551	0.0	5.093264308264469	0.136	0.01434421395509977	0.13575294277984498
gabpa_width	gabpa-a549-encsr000bpy	4	50.0	13	0.40904424771428055	0.6274381571907526	0.5698440606631748	0.0932728331347254	0.0705004341816405	0.0	5.290978512928571	0.115	0.018563062010191873	0.03478448730712456
gabpa_width	gabpa-a549-encsr000bpy	4	50.0	14	0.49589692213105596	0.6631851384480634	0.6214486327326497	0.09223674766183074	0.07338840740830797	0.0	5.358313704185509	0.081	0.008847050259857209	0.5915339426778817
gabpa_width	gabpa-a549-encsr000bpy	4	75.0	10	0.5040519617464303	0.6844815000000001	0.6538703121409534	0.1622802405802843	0.07247809574662271	0.0	4.222980667549376	0.097	0.12100558406544701	0.13136940601293018
gabpa_width	gabpa-a549-encsr000bpy	4	75.0	11	0.44025431672654247	0.626697168686987	0.570661150790085	0.1700228375285469	0.07093409431061376	0.0	4.465432227445999	0.09	0.07864821940749023	0.10368880788990013
gabpa_width	gabpa-a549-encsr000bpy	4	75.0	12	0.4126443414155665	0.6188939924242424	0.5765411306236897	0.1681013179197768	0.07120341926408838	0.0	4.606718007094589	0.099	0.04446639707822798	0.15220281329512728
gabpa_width	gabpa-a549-encsr000bpy	4	75.0	13	0.452392655102166	0.647681193245803	0.6037444081027441	0.19479854251024153	0.0705776566273702	0.0	4.775630227767258	0.082	0.025848778799124734	0.06101673319416811
gabpa_width	gabpa-a549-encsr000bpy	4	75.0	14	0.40324089006390235	0.6109523555556239	0.5664390220313443	0.13472214241926345	0.07009231038475244	0.0	4.815884266120348	0.09	0.05163682144532959	0.0568029267773469
gabpa_width	gabpa-a549-encsr000bpy	4	100.0	10	0.17814946163856887	0.29619999999999996	0.38406367911988254	0.33189453330199586	0.1617646834441526	0.0	0.0	0.002	0.189866345414011	0.4727551963817712
gabpa_width	gabpa-a549-encsr000bpy	4	100.0	11	0.4422139356905419	0.6016139215442602	0.5961540001513234	0.24034426336909853	0.0768560937227679	0.0	3.6737135308931728	0.073	0.027097945279430345	0.051410133182145185
gabpa_width	gabpa-a549-encsr000bpy	4	100.0	12	0.3798818140158464	0.5610228538813081	0.544528028660409	0.2603880009358517	0.07630567820177675	0.0	3.817305343373191	0.073	0.25415423843314744	0.08729479039378692
gabpa_width	gabpa-a549-encsr000bpy	4	100.0	13	0.33916202532224904	0.5358740489510811	0.5057824189435641	0.3239147741671918	0.07430926822265732	0.0	3.997167094272493	0.11	0.181645915068017	0.1440008633661309
gabpa_width	gabpa-a549-encsr000bpy	4	100.0	14	0.39178693401836423	0.5901218340335944	0.5367718404260261	0.3252114676074843	0.07261859927328079	0.0	4.132559034803024	0.068	0.19729877540989374	0.1288913968423643
gabpa_width	gabpa-a549-encsr000bpy	5	50.0	10	0.4618863703133134	0.6346	0.6160538540518135	0.10314367888453219	0.07133138335842555	0.0	4.690621184798537	0.125	0.2085031382078736	0.031453402510154806
gabpa_width	gabpa-a549-encsr000bpy	5	50.0	11	0.45641426685558706	0.642812903820892	0.5835806809615194	0.09863148605133591	0.07121311349533528	0.0	5.057799534910169	0.138	0.017792619367362126	0.026467407995352066
gabpa_width	gabpa-a549-encsr000bpy	5	50.0	12	0.42953764016453366	0.6386987356116522	0.5685530504263099	0.09390038843638078	0.07050521531522355	0.0	5.231970015312634	0.139	0.01468124003064875	0.0401721921281133
gabpa_width	gabpa-a549-encsr000bpy	5	50.0	13	0.41522080085447227	0.5853252236321467	0.5546942225249384	0.09294699434938872	0.07068672596616643	0.0	5.342136181224938	0.097	0.1567469291058148	0.6392398894512081
gabpa_width	gabpa-a549-encsr000bpy	5	50.0	14	0.4862550983067017	0.6500434926363498	0.6004295413879952	0.0906728878634981	0.07126812995853694	0.0	5.502633762685139	0.097	0.14842901188924096	0.006680267110696895
gabpa_width	gabpa-a549-encsr000bpy	5	75.0	10	0.47038491391240955	0.6350307000000001	0.6111835670192014	0.15748605521082332	0.0721200592887758	0.0	4.221093291547471	0.104	0.18330026430748153	0.03387470891113367
gabpa_width	gabpa-a549-encsr000bpy	5	75.0	11	0.46181716016789554	0.6439605408631773	0.6028647369369595	0.1359439863033957	0.0714258643090589	0.0	4.475333772694044	0.099	0.018046620041612546	0.1383941182237013
gabpa_width	gabpa-a549-encsr000bpy	5	75.0	12	0.4730590588497992	0.6597222555555777	0.6221470703084596	0.21606777681484826	0.07080116370715311	0.0	4.683507517114373	0.075	0.009362074100243804	0.1549045278703877
gabpa_width	gabpa-a549-encsr000bpy	5	75.0	13	0.41228239104831216	0.6256716455195084	0.5690474949911343	0.14822124905721423	0.07028533982848122	0.0	4.848530725552124	0.097	0.18522326443798695	0.05894183481833383
gabpa_width	gabpa-a549-encsr000bpy	5	75.0	14	0.3932272248690208	0.595973832467596	0.5437881382308971	0.1580581184667548	0.06941399644239525	0.0	4.872579987370028	0.11	0.015013922650341682	0.0722623750276878
gabpa_width	gabpa-a549-encsr000bpy	5	100.0	10	0.5083508700884186	0.6664764044117956	0.6444902541766082	0.32631553074319297	0.07228522072660744	0.0	3.740368574603458	0.068	0.012780909713868088	0.1869459437369824
gabpa_width	gabpa-a549-encsr000bpy	5	100.0	11	0.5071384583223723	0.6793636363636364	0.6506112417576178	0.19633153466883554	0.07288401499750416	0.0	3.9570160648667043	0.06	0.04765592117772952	0.2407124511558302
gabpa_width	gabpa-a549-encsr000bpy	5	100.0	12	0.4842406363527401	0.65110675	0.631184904478187	0.30669336100295613	0.07094252464610136	0.0	4.130365601787749	0.057	0.26178552159679525	0.13895085546357203
gabpa_width	gabpa-a549-encsr000bpy	5	100.0	13	0.42302403440521485	0.6187387692307692	0.5809985264370301	0.2492017986067069	0.07171682373750944	0.0	4.2081069033135945	0.063	0.025120571910066093	0.08662849991106597
gabpa_width	gabpa-a549-encsr000bpy	5	100.0	14	0.4266202481793441	0.6063032845433558	0.5701533109161361	0.30435563394477244	0.07163119510397982	0.0	4.3689237571130635	0.061	0.18834716730661052	0.13043312275798016
gabpa_width	gabpa-a549-encsr000bpy	6	50.0	10	0.45204611222096763	0.611541	0.6060331015389281	0.13143914845827787	0.07200517223600388	0.0	4.423890682908124	0.127	0.012328050230800724	0.13081977419443686
gabpa_width	gabpa-a549-encsr000bpy	6	50.0	11	0.4411483930731096	0.6308099090909091	0.5985206924993766	0.10168001384916958	0.07132415584240705	0.0	4.725579813727981	0.11	0.016952174513299913	0.028885600776571266
gabpa_width	gabpa-a549-encsr000bpy	6	50.0	12	0.39004374775487305	0.583017673664229	0.5467310586157419	0.09647938426723812	0.07089363012957636	0.0	4.915346345392299	0.131	0.012627411180669214	0.13043334941222268
gabpa_width	gabpa-a549-encsr000bpy	6	50.0	13	0.48305560808055614	0.6332407242525615	0.6048279760730733	0.09391286808856072	0.07133126954236868	0.0	5.11888408457741	0.086	0.15315458710485452	0.017956598691549572
gabpa_width	gabpa-a549-encsr000bpy	6	50.0	14	0.3987799539092553	0.5800462050420621	0.5458160210268879	0.09654752455287606	0.07199469729105226	0.0	5.268891951580328	0.085	0.20886071208037912	0.01651174351783072
gabpa_width	gabpa-a549-encsr000bpy	6	75.0	10	0.47608560289588997	0.6248227	0.6175133635339767	0.16399404307127957	0.07188187759452966	0.0	3.9630922611283834	0.101	0.010674135151922861	0.04031760135477952
gabpa_width	gabpa-a549-encsr000bpy	6	75.0	11	0.41548663983179873	0.5955736749509615	0.5547751038010603	0.14586819856423305	0.0712886427888421	0.0	4.387557529775856	0.139	0.1759691337120063	0.044484134273012614
gabpa_width	gabpa-a549-encsr000bpy	6	75.0	12	0.42105768777324215	0.5953677856322862	0.5775133088610193	0.1978571559468254	0.07076429273253419	0.0	4.452646687832811	0.145	0.008685363954640644	0.07454103561778858
gabpa_width	gabpa-a549-encsr000bpy	6	75.0	13	0.41522658123668393	0.6168397089398295	0.5673661340493779	0.14582676098589978	0.07089349152798109	0.0	4.494494221052314	0.074	0.26430531055504425	0.049466843621408234
gabpa_width	gabpa-a549-encsr000bpy	6	75.0	14	0.3879059812285102	0.5987858501742788	0.5443320806817654	0.12346885775421183	0.07137779488682722	0.0	4.59707571422538	0.082	0.15145302450280257	0.05630670592933745
gabpa_width	gabpa-a549-encsr000bpy	6	100.0	10	0.45232044913465924	0.5650533	0.5761758759247935	0.32349442752832025	0.2177017679122765	0.0	3.936903645423296	0.167	0.009496330580468856	0.589656185552494
gabpa_width	gabpa-a549-encsr000bpy	6	100.0	11	0.37121500368267824	0.5512727272727272	0.5257386454995339	0.23746229499238677	0.07768073897625778	0.0	4.228850282426722	0.125	0.19541250227462958	0.0625140695996524
gabpa_width	gabpa-a549-encsr000bpy	6	100.0	12	0.3857552791728154	0.560053418239055	0.542308366338197	0.3154087609846043	0.07504890773394567	0.0	4.211474524756348	0.106	0.16155879138374166	0.06382314808139584
gabpa_width	gabpa-a549-encsr000bpy	6	100.0	13	0.43250378525831373	0.6141538974359436	0.5823057393459662	0.31425227177140924	0.07233158274829908	0.0	4.036045380153334	0.06	0.23373400443223072	0.13228692950217819
gabpa_width	gabpa-a549-encsr000bpy	6	100.0	14	0.336011104794306	0.529583081949061	0.4914962119842835	0.30858890199605155	0.07666127107397948	0.0	4.190061812895174	0.129	0.010462454699834032	0.09791948844756916
gabpa_width	gabpa-a549-encsr000bpy	7	50.0	10	0.45115011417405293	0.6193355037974962	0.6048786580437582	0.1047380698549402	0.07120295249008653	0.0	4.833721335494719	0.158	0.018259956821474993	0.030563584243698767
gabpa_width	gabpa-a549-encsr000bpy	7	50.0	11	0.4465343361284609	0.6283971807672717	0.5983989100571093	0.09858524610206677	0.07095796550361635	0.0	5.1799716891055665	0.173	0.0146571956425626	0.04687304460373034
gabpa_width	gabpa-a549-encsr000bpy	7	50.0	12	0.4400629246785313	0.6134999920886587	0.5872358545898911	0.10481298177568009	0.070503726750139	0.0	5.307256691543326	0.158	0.019170871942216932	0.16280868461682454
gabpa_width	gabpa-a549-encsr000bpy	7	50.0	13	0.43506369486637986	0.6108746210827533	0.5810930480460959	0.10212297807169393	0.0705835109256661	0.0	5.455879798070016	0.135	0.01877867250822948	0.046408518729456325
gabpa_width	gabpa-a549-encsr000bpy	7	50.0	14	0.4335797030270746	0.638261859523906	0.5874712443292731	0.08946949907238372	0.06989594984630285	0.0	5.520090288255201	0.12	0.014564377572376191	0.6341986243370961
gabpa_width	gabpa-a549-encsr000bpy	7	75.0	10	0.4741539155629818	0.6300283000000001	0.6159317263733165	0.15603846975007898	0.07130793233612881	0.0	4.136526058633202	0.127	0.024709274021596762	0.04856890257654266
gabpa_width	gabpa-a549-encsr000bpy	7	75.0	11	0.4603992507790211	0.6341817582345001	0.601872991657078	0.14916954338436814	0.07083501622039405	0.0	4.587613335613252	0.138	0.029216759263632045	0.09444711136049276
gabpa_width	gabpa-a549-encsr000bpy	7	75.0	12	0.46400905949602816	0.6368333333333333	0.6027225986080049	0.19975350552896007	0.07033040251375815	0.0	4.737556315198634	0.1	0.024531246275619905	0.08420202042713844
gabpa_width	gabpa-a549-encsr000bpy	7	75.0	13	0.39336997245323424	0.5976021518568282	0.5411674170891272	0.1340992995481543	0.07070979142418096	0.0	4.950332049275818	0.116	0.04977655882970989	0.05664210765935462
gabpa_width	gabpa-a549-encsr000bpy	7	75.0	14	0.3976362494574812	0.6094185663265664	0.5492373955026518	0.11704087308179291	0.07052661425742857	0.0	5.064044286076047	0.098	0.024665267619584267	0.04416900469557567
gabpa_width	gabpa-a549-encsr000bpy	7	100.0	10	0.4875516417890008	0.6544903	0.6286573337459316	0.3097562853236349	0.07300251397787885	0.0	3.491157174882069	0.083	0.009323531552845623	0.4514600812204289
gabpa_width	gabpa-a549-encsr000bpy	7	100.0	11	0.40807507549301325	0.5871899600886763	0.5745018067010322	0.21559876523848057	0.07604611811975652	0.0	3.8405880538177577	0.123	0.2796599970436883	0.11748285671132602
gabpa_width	gabpa-a549-encsr000bpy	7	100.0	12	0.41575422858514194	0.5764966936026935	0.5612868550016105	0.3168402417329489	0.07390444164770774	0.0	3.9484296081520465	0.099	0.008141411985941403	0.1604241413136531
gabpa_width	gabpa-a549-encsr000bpy	7	100.0	13	0.434318069536034	0.6206317402455674	0.5611914416781445	0.3021726102706101	0.07273047391951178	0.0	3.9634434628458015	0.069	0.15415784320011014	0.14250853699226174
gabpa_width	gabpa-a549-encsr000bpy	7	100.0	14	0.42610619934822	0.6299581509434206	0.5936227174818257	0.2098121167947474	0.07207302840980787	0.0	4.027789380366183	0.053	0.13489662951916262	0.14664384100361527
gabpa_width	gabpa-a549-encsr000bpy	8	50.0	10	0.4748822736131596	0.6570657033148968	0.6172878450862281	0.10762192038192393	0.07115501663176207	0.0	4.889492044095428	0.181	0.015390478417234	0.03839528506907132
gabpa_width	gabpa-a549-encsr000bpy	8	50.0	11	0.4273380232728098	0.6296388008870737	0.5706484536615373	0.09666682412069198	0.07093841372089522	0.0	5.22250454200569	0.205	0.011307260365227324	0.057927493806798486
gabpa_width	gabpa-a549-encsr000bpy	8	50.0	12	0.45199060621203874	0.6429399942130728	0.5894206499138894	0.09074719666832064	0.07050927155774755	0.0	5.3908382787929305	0.144	0.007912242398693075	0.604746332493806
gabpa_width	gabpa-a549-encsr000bpy	8	50.0	13	0.40009835019208884	0.6080983297347998	0.5447603151618712	0.08988438120602267	0.07036900762682896	0.0	5.495398776462213	0.171	0.15068179838630136	0.6371046342859278
gabpa_width	gabpa-a549-encsr000bpy	8	50.0	14	0.3777645325473455	0.6155439704563991	0.5266410557597533	0.0887096679781937	0.07021498505923997	0.0	5.522886091114281	0.191	0.13379333095460147	0.6077547862071432
gabpa_width	gabpa-a549-encsr000bpy	8	75.0	10	0.46062343044756987	0.6314626000000001	0.6098501809334569	0.14609608671423993	0.07162583670236554	0.0	4.441719278262345	0.139	0.013373481252220196	0.11203256634242945
gabpa_width	gabpa-a549-encsr000bpy	8	75.0	11	0.4275106333889157	0.6146187354839008	0.5737623665574969	0.12623175289763958	0.07164997534482269	0.0	4.791283976130911	0.155	0.016996617514613566	0.15096300794842
gabpa_width	gabpa-a549-encsr000bpy	8	75.0	12	0.47599323869530114	0.6588612569444896	0.6157571561955577	0.13909620143971302	0.07071952391922588	0.0	4.898562747613562	0.096	0.013624243380123321	0.05074905633925499
gabpa_width	gabpa-a549-encsr000bpy	8	75.0	13	0.39096382897098436	0.6082259552094118	0.5441451152848077	0.09969975773649423	0.07150686717282873	0.0	5.031071119657925	0.158	0.11700003912556703	0.1715791139430673
gabpa_width	gabpa-a549-encsr000bpy	8	75.0	14	0.3656819435372448	0.5866408393939821	0.5325683289771935	0.09989147709438742	0.07105489183445954	0.0	5.122303353702609	0.165	0.019240115395703618	0.08461411316778608
gabpa_width	gabpa-a549-encsr000bpy	8	100.0	10	0.4424629835857396	0.6166303	0.5692683203943211	0.33426736609073354	0.07424898262451592	0.0	3.7950730590092854	0.092	0.18824540519313981	0.5047952982755624
gabpa_width	gabpa-a549-encsr000bpy	8	100.0	11	0.45062558993010843	0.6003148181818182	0.6001527274371375	0.25786453049730557	0.07434230294622261	0.0	4.1654275031551435	0.082	0.16044277049894395	0.12277675931095013
gabpa_width	gabpa-a549-encsr000bpy	8	100.0	12	0.4298178583021223	0.5951321666666668	0.5963662755318745	0.25413827210173806	0.07276308858238753	0.0	4.32185061254585	0.111	0.05259381627005421	0.10948184618646645
gabpa_width	gabpa-a549-encsr000bpy	8	100.0	13	0.4461453352068343	0.6216239888889119	0.5941142060279515	0.30145189241174597	0.07235271167613977	0.0	4.314078674597744	0.09	0.15125536600380157	0.11923643221856504
gabpa_width	gabpa-a549-encsr000bpy	8	100.0	14	0.35655278215257385	0.5508569003323853	0.5151976638655175	0.23210440230122567	0.07380065987768462	0.0	4.396283787386658	0.086	0.10415040702313479	0.1266911713760345
gabpa_width	gabpa-a549-encsr000bpy	9	50.0	10	0.4968094352350144	0.6501963992592994	0.6303101144986684	0.10241302716596432	0.0717950273064492	0.0	4.918297400579246	0.135	0.009414965371923907	0.12017798240123537
gabpa_width	gabpa-a549-encsr000bpy	9	50.0	11	0.4834245228892135	0.6645909090909092	0.6210405138227261	0.09467396254553909	0.07095806447278358	0.0	5.186943354643783	0.144	0.17872461508751689	0.15133897923407583
gabpa_width	gabpa-a549-encsr000bpy	9	50.0	12	0.4798670322373579	0.6447066666666667	0.62801575215699	0.09195437998100425	0.07034994123915007	0.0	5.394880053139964	0.129	0.008393399209624926	0.15783320983900584
gabpa_width	gabpa-a549-encsr000bpy	9	50.0	13	0.4105186010569973	0.6388851785196675	0.5526821212231368	0.08874213701843342	0.07061341742812216	0.0	5.534324119043622	0.212	0.15264938404183676	0.028418023185214653
gabpa_width	gabpa-a549-encsr000bpy	9	50.0	14	0.48651220157917846	0.6606428571428572	0.6027693710444104	0.08853095876129985	0.07223320738382823	0.0	5.619661026949379	0.1	0.13373151619035886	0.6265084452983283
gabpa_width	gabpa-a549-encsr000bpy	9	75.0	10	0.5194558210461729	0.6624466000000001	0.6675615362074501	0.16055587245450725	0.07186168352239833	0.0	4.166177059443432	0.086	0.3480922142172294	0.11897533273307734
gabpa_width	gabpa-a549-encsr000bpy	9	75.0	11	0.4526787335887295	0.6329825454545456	0.6060374912048094	0.13419373182787384	0.07109952513491327	0.0	4.469776971743895	0.109	0.010790448755296578	0.09529783890914362
gabpa_width	gabpa-a549-encsr000bpy	9	75.0	12	0.4612435138728346	0.6275525833333333	0.6059901242784121	0.1909279346446124	0.07164040713518609	0.0	4.673785133218622	0.111	0.009572924887628405	0.10003610335948693
gabpa_width	gabpa-a549-encsr000bpy	9	75.0	13	0.45204249122885604	0.6384715544267532	0.5967664691391483	0.1721004621560088	0.07084063583219107	0.0	4.866925178378981	0.106	0.20884050756347589	0.12222425331958349
gabpa_width	gabpa-a549-encsr000bpy	9	75.0	14	0.4235571483464065	0.6296306514778486	0.5839768730219852	0.10312588242172359	0.07055075661468092	0.0	4.957388153594736	0.116	0.16066124607754856	0.15036045227509653
gabpa_width	gabpa-a549-encsr000bpy	9	100.0	10	0.45328218846097734	0.6183952255814744	0.5841003993942537	0.3264587803175904	0.07450638112707782	0.0	3.5370831705649337	0.086	0.1934609739069353	0.07274695185113378
gabpa_width	gabpa-a549-encsr000bpy	9	100.0	11	0.4270307593842997	0.6249696893939469	0.586319332243452	0.20112763803507783	0.07518873856520124	0.0	3.7970303882368173	0.096	0.27030265437480705	0.07267230981895384
gabpa_width	gabpa-a549-encsr000bpy	9	100.0	12	0.4310695204306277	0.6171182522746708	0.5806856051184609	0.2997656235300539	0.07614935266033554	0.0	3.946802159418259	0.093	0.26206177184099205	0.03833397512364015
gabpa_width	gabpa-a549-encsr000bpy	9	100.0	13	0.4393620230867477	0.6127700930674453	0.5886297219205876	0.298349791223141	0.07276230121920539	0.0	4.011625270251233	0.081	0.012008119843947593	0.14550481493914738
gabpa_width	gabpa-a549-encsr000bpy	9	100.0	14	0.37420480579104565	0.5745123571428572	0.5307433575586576	0.2623989168492263	0.07481978236796655	0.0	3.9675309729121273	0.099	0.2398256181161434	0.1448378704576745
gabpa_width	gabpa-a549-encsr000bpy	10	50.0	10	0.49650496013735285	0.6496217015503983	0.639282419973715	0.11782117113586292	0.07146350819505239	0.0	4.786541763758936	0.129	0.21944109824271046	0.13971324715847044
gabpa_width	gabpa-a549-encsr000bpy	10	50.0	11	0.48565382209046815	0.6609947332016304	0.6196632533071138	0.10542766088089572	0.07069569095692371	0.0	5.101174536297792	0.138	0.025204813686047788	0.040315967075402276
gabpa_width	gabpa-a549-encsr000bpy	10	50.0	12	0.43478840803049473	0.6340809166668212	0.5895042425143944	0.09489146800864112	0.07055180519202697	0.0	5.281787733791928	0.138	0.01587979959264953	0.042888883647791975
gabpa_width	gabpa-a549-encsr000bpy	10	50.0	13	0.4047167415418854	0.5958728544550083	0.5551661021227347	0.09516629932809839	0.07044096615982631	0.0	5.408954665503383	0.139	0.15595797783589813	0.043015871134919524
gabpa_width	gabpa-a549-encsr000bpy	10	50.0	14	0.41631973158803987	0.6372301597884116	0.5704611076283569	0.09337134671230406	0.07024187390633196	0.0	5.47539489532598	0.135	0.014491260059243704	0.03933878405033331
gabpa_width	gabpa-a549-encsr000bpy	10	75.0	10	0.5008884492820125	0.6537000000000001	0.6429973933279717	0.1795647581153126	0.07163229422620776	0.0	4.218342596611713	0.08	0.014710533701331569	0.027092419509107457
gabpa_width	gabpa-a549-encsr000bpy	10	75.0	11	0.4911068636502829	0.6714545454545454	0.6355529931375448	0.13866398355675763	0.07056852009608762	0.0	4.558664695497372	0.1	0.01702455536338424	0.03437364293590483
gabpa_width	gabpa-a549-encsr000bpy	10	75.0	12	0.44830527540110615	0.6290833333333334	0.6006348529455819	0.18744481984791453	0.07085761249984919	0.0	4.689231433843603	0.1	0.021744856204074917	0.03738882346184625
gabpa_width	gabpa-a549-encsr000bpy	10	75.0	13	0.39239462481245496	0.6124531461539001	0.5488072681382582	0.14945011589319443	0.07139912259767014	0.0	4.800223696399857	0.09	0.06957947414873479	0.038628887573328725
gabpa_width	gabpa-a549-encsr000bpy	10	75.0	14	0.4252253565448009	0.6470788841699731	0.5929372961506472	0.10949757009911734	0.07033284661669517	0.0	4.868677962944207	0.074	0.0548944223593587	0.05321110657948192
gabpa_width	gabpa-a549-encsr000bpy	10	100.0	10	0.5254400067705818	0.6723698118279882	0.6525672530596264	0.32403359285543026	0.07438990818485716	0.0	3.5553480614894135	0.093	0.012620326840569152	0.1574273318636223
gabpa_width	gabpa-a549-encsr000bpy	10	100.0	11	0.45045475450839123	0.6189825648621624	0.5991604633257144	0.25514158870435083	0.07556490751146483	0.0	3.9997596079986555	0.089	0.06838358258103962	0.08079597552770285
gabpa_width	gabpa-a549-encsr000bpy	10	100.0	12	0.4049883594511292	0.5871313230594041	0.5497163772699445	0.2669662350109617	0.07313015449996003	0.0	4.06848850826341	0.073	0.1429988907192481	0.05387527524024464
gabpa_width	gabpa-a549-encsr000bpy	10	100.0	13	0.47171675305676436	0.6521565384615384	0.598649173074862	0.3149489829885475	0.07342813267702819	0.0	4.179857623628796	0.057	0.21311827146047538	0.05246319254283072
gabpa_width	gabpa-a549-encsr000bpy	10	100.0	14	0.4244135294974351	0.6147731149068509	0.5732865665400689	0.3172116580218935	0.07349835727015445	0.0	4.279354447027768	0.069	0.027426073910265587	0.08405255480683471
